id,name,city,bic,country
res.bank_EBATBEBB,ABE CLEARING SAS/EBA CLEARING,BRUSSELS,EBATBEBB,BE
res.bank_ABNABE2AIDJ,ABN AMRO BANK N.V. BELGIAN BRANCH,ANTWERPEN,ABNABE2AIDJ,BE
res.bank_ABNABE2AMYO,ABN AMRO BANK N.V. BELGIAN BRANCH,ANTWERPEN,ABNABE2AMYO,BE
res.bank_ABNABE2AIPC,ABN AMRO BANK N.V. BELGIAN BRANCH,BERCHEM,ABNABE2AIPC,BE
res.bank_FTSBBE22,ABN AMRO BANK N.V. BELGIAN BRANCH,BERCHEM,FTSBBE22,BE
res.bank_ACCOBEB3,ACCORD,LA HULPE,ACCOBEB3,BE
res.bank_AGFGBEBB,AGFA GEVAERT NV,MORTSEL,AGFGBEBB,BE
res.bank_ADIABE22,ANTWERPSE DIAMANTBANK N.V.,ANTWERPEN,ADIABE22,BE
res.bank_ARSPBE22,ARGENTA,ANTWERPEN,ARSPBE22,BE
res.bank_ATWSBEBB,ATOS WORLDLINE,BRUSSELS,ATWSBEBB,BE
res.bank_WAFABEBBANT,ATTIJARIWAFA BANK (FORMERLY WAFABANK),ANTWERPEN,WAFABEBBANT,BE
res.bank_WAFABEBB,ATTIJARIWAFA BANK (FORMERLY WAFABANK),BRUSSELS,WAFABEBB,BE
res.bank_AXABBE22,AXA BANK EUROPE (FORMERLY AXA BANK BELGIUM),BERCHEM,AXABBE22,BE
res.bank_AXBIBEBB,AXA BELGIUM,WATERMAEL BOITSFORT,AXBIBEBB,BE
res.bank_BMPBBEBB,BANCA MONTE PASCHI BELGIO,BRUSSELS,BMPBBEBB,BE
res.bank_BMPBBEBBTGT,BANCA MONTE PASCHI BELGIO,BRUSSELS,BMPBBEBBTGT,BE
res.bank_BBVABEBB,BANCO BILBAO VIZCAYA ARGENTARIA S.A.,BRUSSELS,BBVABEBB,BE
res.bank_BSCHBEBR,BANCO SANTANDERÊCENTRALÊHISPANO,BRUSSELS,BSCHBEBR,BE
res.bank_BCMCBEBB,BANCONTACT MISTERCASH SA/NV,BRUSSELS,BCMCBEBB,BE
res.bank_DELEBE22,BANK DELEN NV,ANTWERPEN,DELEBE22,BE
res.bank_DELEBE22NRA,BANK DELEN NV,ANTWERPEN,DELEBE22NRA,BE
res.bank_DELEBE22THE,BANK DELEN NV,ANTWERPEN,DELEBE22THE,BE
res.bank_JVBABE22,BANK J. VAN BREDA AND CO NV,ANTWERPEN,JVBABE22,BE
res.bank_BOFABE3X,BANK OF AMERICA N.A. ANTWERP,ANTWERPEN,BOFABE3X,BE
res.bank_BARBBEBB,BANK OF BARODA (BRUSSELS BRANCH),BRUSSELS,BARBBEBB,BE
res.bank_BKCHBEBB,BANK OF CHINA (LUXEMBOURG) S.A. BRUSSELS BRANCH,BRUSSELS,BKCHBEBB,BE
res.bank_BKIDBE22,BANK OF INDIA,ANTWERPEN,BKIDBE22,BE
res.bank_BOTKBEBX,BANK OF TOKYO MITSUBISHI UFJ LTD. THE,BRUSSELS,BOTKBEBX,BE
res.bank_BCDMBEBB,BANQUE CHAABI DU MAROC,BRUSSELS,BCDMBEBB,BE
res.bank_DEGRBEBBTG2,BANQUE DEGROOF,BRUSSELS,DEGRBEBBTG2,BE
res.bank_DEGRBEBB,BANQUE DEGROOF,BRUSSELS,DEGRBEBB,BE
res.bank_ENIBBEBB,BANQUE ENI S.A.,BRUSSELS,ENIBBEBB,BE
res.bank_NBBEBEBB273,BANQUE NATIONALE DE BELGIQUE,BRUSSELS,NBBEBEBB273,BE
res.bank_NBBEBEBB243,BANQUE NATIONALE DE BELGIQUE,BRUSSELS,NBBEBEBB243,BE
res.bank_NBBEBEBBTRE,BANQUE NATIONALE DE BELGIQUE,BRUSSELS,NBBEBEBBTRE,BE
res.bank_NBBEBEBBCEC,BANQUE NATIONALE DE BELGIQUE,BRUSSELS,NBBEBEBBCEC,BE
res.bank_NBBEBEBB203,BANQUE NATIONALE DE BELGIQUE,BRUSSELS,NBBEBEBB203,BE
res.bank_NBBEBEBBEOC,BANQUE NATIONALE DE BELGIQUE,BRUSSELS,NBBEBEBBEOC,BE
res.bank_NBBEBEBBCAC,BANQUE NATIONALE DE BELGIQUE,BRUSSELS,NBBEBEBBCAC,BE
res.bank_NBBEBEBBNLX,BANQUE NATIONALE DE BELGIQUE,BRUSSELS,NBBEBEBBNLX,BE
res.bank_NBBEBEBBFRX,BANQUE NATIONALE DE BELGIQUE,BRUSSELS,NBBEBEBBFRX,BE
res.bank_NBBEBEBBECL,BANQUE NATIONALE DE BELGIQUE,BRUSSELS,NBBEBEBBECL,BE
res.bank_NBBEBEBBMAC,BANQUE NATIONALE DE BELGIQUE,BRUSSELS,NBBEBEBBMAC,BE
res.bank_NBBEBEBB223,BANQUE NATIONALE DE BELGIQUE,BRUSSELS,NBBEBEBB223,BE
res.bank_NBBEBEBBOVP,BANQUE NATIONALE DE BELGIQUE,BRUSSELS,NBBEBEBBOVP,BE
res.bank_NBBEBEBB216,BANQUE NATIONALE DE BELGIQUE,BRUSSELS,NBBEBEBB216,BE
res.bank_NBBEBEBBWTX,BANQUE NATIONALE DE BELGIQUE,BRUSSELS,NBBEBEBBWTX,BE
res.bank_ECMSBEBB,BANQUE NATIONALE DE BELGIQUE,BRUSSELS,ECMSBEBB,BE
res.bank_NBBEBEBB,BANQUE NATIONALE DE BELGIQUE,BRUSSELS,NBBEBEBB,BE
res.bank_NBBEBEBBCON,BANQUE NATIONALE DE BELGIQUE,BRUSSELS,NBBEBEBBCON,BE
res.bank_NBBEBEBBDCK,BANQUE NATIONALE DE BELGIQUE,BRUSSELS,NBBEBEBBDCK,BE
res.bank_NBBEBEBBGLB,BANQUE NATIONALE DE BELGIQUE,BRUSSELS,NBBEBEBBGLB,BE
res.bank_PRIBBEBB,BANQUE PRIVEE EDMOND DE ROTHSCHILD EUROPE BELGIANBRANCH,BRUSSELS,PRIBBEBB,BE
res.bank_GKCCBEBB,BELFIUS BANK SA/NV,BRUSSELS,GKCCBEBB,BE
res.bank_CTBKBEBX,BEOBANK NV/SA,BRUSSELS,CTBKBEBX,BE
res.bank_GEBABEBB01A,BNP PARIBASÊFORTISÊ(FORTISÊBANK SA/NV),AALST,GEBABEBB01A,BE
res.bank_GEBABEBB18A,BNP PARIBASÊFORTISÊ(FORTISÊBANK SA/NV),ANTWERPEN,GEBABEBB18A,BE
res.bank_GEBABEBB02A,BNP PARIBASÊFORTISÊ(FORTISÊBANK SA/NV),ARLON,GEBABEBB02A,BE
res.bank_GEBABEBB13A,BNP PARIBASÊFORTISÊ(FORTISÊBANK SA/NV),BRUGGE,GEBABEBB13A,BE
res.bank_GEBABEBB,BNP PARIBASÊFORTISÊ(FORTISÊBANK SA/NV),BRUSSELS,GEBABEBB,BE
res.bank_GEBABEBBLDN,BNP PARIBASÊFORTISÊ(FORTISÊBANK SA/NV),BRUSSELS,GEBABEBBLDN,BE
res.bank_GEBABEBB36A,BNP PARIBASÊFORTISÊ(FORTISÊBANK SA/NV),BRUSSELS,GEBABEBB36A,BE
res.bank_GEBABEBBSSD,BNP PARIBASÊFORTISÊ(FORTISÊBANK SA/NV),BRUSSELS,GEBABEBBSSD,BE
res.bank_GEBABEBBALM,BNP PARIBASÊFORTISÊ(FORTISÊBANK SA/NV),BRUSSELS,GEBABEBBALM,BE
res.bank_GEBABEBB03A,BNP PARIBASÊFORTISÊ(FORTISÊBANK SA/NV),CHARLEROI,GEBABEBB03A,BE
res.bank_GEBABEBB08E,BNP PARIBASÊFORTISÊ(FORTISÊBANK SA/NV),GENK,GEBABEBB08E,BE
res.bank_GEBABEBB05A,BNP PARIBASÊFORTISÊ(FORTISÊBANK SA/NV),GENT,GEBABEBB05A,BE
res.bank_GEBABEBB14A,BNP PARIBASÊFORTISÊ(FORTISÊBANK SA/NV),HASSELT,GEBABEBB14A,BE
res.bank_GEBABEBB07B,BNP PARIBASÊFORTISÊ(FORTISÊBANK SA/NV),HUY,GEBABEBB07B,BE
res.bank_GEBABEBB04A,BNP PARIBASÊFORTISÊ(FORTISÊBANK SA/NV),KORTRIJK,GEBABEBB04A,BE
res.bank_GEBABEBB06A,BNP PARIBASÊFORTISÊ(FORTISÊBANK SA/NV),LA LOUVIERE,GEBABEBB06A,BE
res.bank_GEBABEBB08A,BNP PARIBASÊFORTISÊ(FORTISÊBANK SA/NV),LEUVEN,GEBABEBB08A,BE
res.bank_GEBABEBB07A,BNP PARIBASÊFORTISÊ(FORTISÊBANK SA/NV),LIEGE,GEBABEBB07A,BE
res.bank_GEBABEBB08B,BNP PARIBASÊFORTISÊ(FORTISÊBANK SA/NV),MECHELEN,GEBABEBB08B,BE
res.bank_GEBABEBB09A,BNP PARIBASÊFORTISÊ(FORTISÊBANK SA/NV),MONS,GEBABEBB09A,BE
res.bank_GEBABEBB10A,BNP PARIBASÊFORTISÊ(FORTISÊBANK SA/NV),NAMUR,GEBABEBB10A,BE
res.bank_GEBABEBB18B,BNP PARIBASÊFORTISÊ(FORTISÊBANK SA/NV),NINOVE,GEBABEBB18B,BE
res.bank_GEBABEBB06B,BNP PARIBASÊFORTISÊ(FORTISÊBANK SA/NV),NIVELLES,GEBABEBB06B,BE
res.bank_GEBABEBB05B,BNP PARIBASÊFORTISÊ(FORTISÊBANK SA/NV),ROESELARE,GEBABEBB05B,BE
res.bank_GEBABEBB01B,BNP PARIBASÊFORTISÊ(FORTISÊBANK SA/NV),SINT-NIKLAAS,GEBABEBB01B,BE
res.bank_GEBABEBB08C,BNP PARIBAS FORTIS (FORTIS BANK SA/NV),TIENEN,GEBABEBB08C,BE
res.bank_GEBABEBB11A,BNP PARIBAS FORTIS (FORTIS BANK SA/NV),TOURNAI,GEBABEBB11A,BE
res.bank_GEBABEBB08D,BNP PARIBAS FORTIS (FORTIS BANK SA/NV),TURNHOUT,GEBABEBB08D,BE
res.bank_GEBABEBB12A,BNP PARIBAS FORTIS (FORTIS BANK SA/NV),VERVIERS,GEBABEBB12A,BE
res.bank_GEBABEBB07C,BNP PARIBAS FORTIS (FORTIS BANK SA/NV),WAREMME,GEBABEBB07C,BE
res.bank_FIMGBEBB,BNP PARIBAS IP BELGIUM SA,BRUSSELS,FIMGBEBB,BE
res.bank_BNPABEBB,BNP PARIBAS S.A. BELGIUM BELGIUM BRANCH,BRUSSELS,BNPABEBB,BE
res.bank_PARBBEBZ,BNP PARIBAS SECURITIES SERVICES BELGIUM,BRUSSELS,PARBBEBZ,BE
res.bank_PARBBEBZISI,BNP PARIBAS SECURITIES SERVICES BELGIUM,BRUSSELS,PARBBEBZISI,BE
res.bank_PARBBEBZMDC,BNP PARIBAS SECURITIES SERVICES BRUSSELS BRANCH,BRUSSELS,PARBBEBZMDC,BE
res.bank_PCHQBEBB,BPOST,BRUSSELS,PCHQBEBB,BE
res.bank_BYBBBEBB,BYBLOS BANK EUROPE S.A.,BRUSSELS,BYBBBEBB,BE
res.bank_FNETBEBB,CACEIS BELGIUM,BRUSSELS,FNETBEBB,BE
res.bank_ESESBEBBIAC,CAISSE INTERPROFESSIONNELLE DE DEPOTS ET DE VIREMENTS DE TITRES,BRUSSELS,ESESBEBBIAC,BE
res.bank_ESESBEBBIAD,CAISSE INTERPROFESSIONNELLE DE DEPOTS ET DE VIREMENTS DE TITRES,BRUSSELS,ESESBEBBIAD,BE
res.bank_ESESBEBBSCC,CAISSE INTERPROFESSIONNELLE DE DEPOTS ET DE VIREMENTS DE TITRES,BRUSSELS,ESESBEBBSCC,BE
res.bank_ESESBEBBT2X,CAISSE INTERPROFESSIONNELLE DE DEPOTS ET DE VIREMENTS DE TITRES,BRUSSELS,ESESBEBBT2X,BE
res.bank_ESESBEBB,CAISSE INTERPROFESSIONNELLE DE DEPOTS ET DE VIREMENTS DE TITRES,BRUSSELS,ESESBEBB,BE
res.bank_ESESBEBBFDB,CAISSE INTERPROFESSIONNELLE DE DEPOTS ET DE VIREMENTS DE TITRES,BRUSSELS,ESESBEBBFDB,BE
res.bank_ESESBEBBINT,CAISSE INTERPROFESSIONNELLE DE DEPOTS ET DE VIREMENTS DE TITRES,BRUSSELS,ESESBEBBINT,BE
res.bank_ESESBEBBLE1,CAISSE INTERPROFESSIONNELLE DE DEPOTS ET DE VIREMENTS DE TITRES,BRUSSELS,ESESBEBBLE1,BE
res.bank_ESESBEBBLE2,CAISSE INTERPROFESSIONNELLE DE DEPOTS ET DE VIREMENTS DE TITRES,BRUSSELS,ESESBEBBLE2,BE
res.bank_CAPWBEBB,CAPITALÊAT WORK SA,BRUSSELS,CAPWBEBB,BE
res.bank_CARGBEBL,CARFIN SA,LOUVAIN-LA-NEUVE,CARGBEBL,BE
res.bank_CAFIBEBB,CARREFOUR FINANCE SA,BRUSSELS,CAFIBEBB,BE
res.bank_CREGBEBB,CBC BANQUE S.A.,BRUSSELS,CREGBEBB,BE
res.bank_CREGBEBBNBB,CBC BANQUE S.A.,BRUSSELS,CREGBEBBNBB,BE
res.bank_CEINBEBB,CELIO INTERNATIONAL,BRUSSELS,CEINBEBB,BE
res.bank_CITIBEBX,CITIBANK INTERNATIONAL PLC,BRUSSELS,CITIBEBX,BE
res.bank_COBABEBXTBU,COMMERZBANK AG THE BRUSSELS BRANCH,BRUSSELS,COBABEBXTBU,BE
res.bank_COBABEBX,COMMERZBANK AG THE BRUSSELS BRANCH,BRUSSELS,COBABEBX,BE
res.bank_EUCOBEBB,COMMISSION DES COMMUNAUTES EUROPEENNES,BRUSSELS,EUCOBEBB,BE
res.bank_CEXPBE33,CORPORATE EXPRESS SHARED SERVICE CENTER (EUROPE) NV,HASSELT,CEXPBE33,BE
res.bank_CPHBBE75,CPH BANQUE,TOURNAI,CPHBBE75,BE
res.bank_CPHBBE75TG2,CPH BANQUE,TOURNAI,CPHBBE75TG2,BE
res.bank_CRLYBEBB,CREDIT AGRICOLE CIB BELGIUM,BRUSSELS,CRLYBEBB,BE
res.bank_CVMCBEBB,CREDIT AGRICOLE LUXEMBOURG SUCCURSALE EN BELGIQUE BIJBANK IN BELGIE,BRUSSELS,CVMCBEBB,BE
res.bank_FBHLBE22,CREDIT EUROPE BANK N.V. ANTWERP BRANCH,ANTWERPEN,FBHLBE22,BE
res.bank_BKCPBEBBTGT,CREDITÊPROFESSIONNELÊSA / BEROEPSKREDIET NV,BRUSSELS,BKCPBEBBTGT,BE
res.bank_BKCPBEBB,CREDITÊPROFESSIONNELÊSA / BEROEPSKREDIET NV,BRUSSELS,BKCPBEBB,BE
res.bank_SPAABE22,CRELAN SA/NV (FORMERLY CENTEA NV),ANTWERPEN,SPAABE22,BE
res.bank_NICABEBB,CRELAN SA/NV (FORMERLY CREDIT AGRICOLE SA/LANDBOUWKREDIET NV),BRUSSELS,NICABEBB,BE
res.bank_BNAGBEBB,DELTA LLOYD BANK NV (BELGIUM),BRUSSELS,BNAGBEBB,BE
res.bank_DHBNBEBB,DEMIR HALK BANK (NEDERLAND) N.V. BRUSSELS BRANCH,BRUSSELS,DHBNBEBB,BE
res.bank_DEUTBEBEANT,DEUTSCHE BANK A.G.,ANTWERPEN,DEUTBEBEANT,BE
res.bank_DEUTBEBE,DEUTSCHE BANK A.G.,BRUSSELS,DEUTBEBE,BE
res.bank_DEUTBEBEUNP,DEUTSCHE BANK A.G.,BRUSSELS,DEUTBEBEUNP,BE
res.bank_BDCHBE22610,DEUTSCHE BANK AG (FORMERLY DEUTSCHE BANK EUROPE GMBH BELGIUM BRANCH),ANTWERPEN,BDCHBE22610,BE
res.bank_BDCHBE22611,DEUTSCHE BANK AG (FORMERLY DEUTSCHE BANK EUROPE GMBH BELGIUM BRANCH),BRUSSELS,BDCHBE22611,BE
res.bank_BDCHBE22,DEUTSCHE BANK AG (FORMERLY DEUTSCHE BANK EUROPE GMBH BELGIUM BRANCH),BRUSSELS,BDCHBE22,BE
res.bank_BDCHBE22613,DEUTSCHE BANK AG (FORMERLY DEUTSCHE BANK EUROPE GMBH BELGIUM BRANCH),GENT,BDCHBE22613,BE
res.bank_BDCHBE22612,DEUTSCHE BANK AG (FORMERLY DEUTSCHE BANK EUROPE GMBH BELGIUM BRANCH),LIEGE,BDCHBE22612,BE
res.bank_DXAMBEBB,DEXIA ASSET MANAGEMENT BELGIQUE SA,BRUSSELS,DXAMBEBB,BE
res.bank_EPBFBEBB,EPBF,WATERMAEL BOITSFORT,EPBFBEBB,BE
res.bank_ETEXBEBB,ETEX S.A.,BRUSSELS,ETEXBEBB,BE
res.bank_ETHDBE44,ETHIAS DROIT COMMUN ASSOCIATION DASS.ÊMUTUELLES,LIEGE,ETHDBE44,BE
res.bank_ETHVBE44,ETHIAS VIE ASSOCIATION DASSURANCESÊMUTUELLES,LIEGE,ETHVBE44,BE
res.bank_MGTCBEBEE16,EUROCLEAR BANK S.A / N.V,BRUSSELS,MGTCBEBEE16,BE
res.bank_MGTCBEBEEB2,EUROCLEAR BANK S.A / N.V,BRUSSELS,MGTCBEBEEB2,BE
res.bank_MGTCBEBEEBE,EUROCLEAR BANK S.A / N.V,BRUSSELS,MGTCBEBEEBE,BE
res.bank_MGTCBEBEEF2,EUROCLEAR BANK S.A / N.V,BRUSSELS,MGTCBEBEEF2,BE
res.bank_MGTCBEBEEFR,EUROCLEAR BANK S.A / N.V,BRUSSELS,MGTCBEBEEFR,BE
res.bank_MGTCBEBEEN2,EUROCLEAR BANK S.A / N.V,BRUSSELS,MGTCBEBEEN2,BE
res.bank_MGTCBEBEENL,EUROCLEAR BANK S.A / N.V,BRUSSELS,MGTCBEBEENL,BE
res.bank_MGTCBEBEE01,EUROCLEAR BANK S.A / N.V,BRUSSELS,MGTCBEBEE01,BE
res.bank_MGTCBEBEFND,EUROCLEAR BANK S.A / N.V,BRUSSELS,MGTCBEBEFND,BE
res.bank_MGTCBEBE,EUROCLEAR BANK S.A / N.V,BRUSSELS,MGTCBEBE,BE
res.bank_MGTCBEBECLT,EUROCLEAR BANK S.A / N.V,BRUSSELS,MGTCBEBECLT,BE
res.bank_MGTCBEBEE14,EUROCLEAR BANK S.A / N.V,BRUSSELS,MGTCBEBEE14,BE
res.bank_MGTCBEBEECL,EUROCLEAR BANK S.A / N.V,BRUSSELS,MGTCBEBEECL,BE
res.bank_CIKBBEBBDIF,EUROCLEAR BELGIUM (PREVIOUSLY KNOWN AS CIK BELGIUM),BRUSSELS,CIKBBEBBDIF,BE
res.bank_CIKBBEBBEA1,EUROCLEAR BELGIUM (PREVIOUSLY KNOWN AS CIK BELGIUM),BRUSSELS,CIKBBEBBEA1,BE
res.bank_CIKBBEBBEA2,EUROCLEAR BELGIUM (PREVIOUSLY KNOWN AS CIK BELGIUM),BRUSSELS,CIKBBEBBEA2,BE
res.bank_CIKBBEBBEA3,EUROCLEAR BELGIUM (PREVIOUSLY KNOWN AS CIK BELGIUM),BRUSSELS,CIKBBEBBEA3,BE
res.bank_CIKBBEBBCLR,EUROCLEAR BELGIUM (PREVIOUSLY KNOWN AS CIK BELGIUM),BRUSSELS,CIKBBEBBCLR,BE
res.bank_CIKBBEBB,EUROCLEAR BELGIUM (PREVIOUSLY KNOWN AS CIK BELGIUM),BRUSSELS,CIKBBEBB,BE
res.bank_EURBBE99,EUROPABANK N.V.,GENT,EURBBE99,BE
res.bank_FVLBBE22,F. VAN LANSCHOT BANKIERS BELGIE N.V.,ANTWERPEN,FVLBBE22,BE
res.bank_FRCSBEBB,FINANCIERE REMY COINTREAU SA/NV,BRUSSELS,FRCSBEBB,BE
res.bank_GEBABEBB00A,FORTIS BANQUE S.A./N.V. (FORMERLY GENERALE DE BANQUE S.A. BRUSSELS),BRUSSELS,GEBABEBB00A,BE
res.bank_HABBBEBB,HABIB BANK LTD.,BRUSSELS,HABBBEBB,BE
res.bank_HSBCBEBBSDD,HSBC BANK PLC,BRUSSELS,HSBCBEBBSDD,BE
res.bank_HSBCBEBB,HSBC BANK PLC,BRUSSELS,HSBCBEBB,BE
res.bank_ICBKBEBB,ICBC BRUSSELS BRANCH,BRUSSELS,ICBKBEBB,BE
res.bank_ICICBE2X,ICICI BANK UK PLC,ANTWERPEN,ICICBE2X,BE
res.bank_BBRUBEBB930,ING BELGIUM NV/SA (FORMERLY BANK BRUSSELS LAMBERT SA) AALST,AALST,BBRUBEBB930,BE
res.bank_BBRUBEBB200,ING BELGIUM NV/SA (FORMERLY BANK BRUSSELS LAMBERT SA) ANTWERPEN,ANTWERPEN,BBRUBEBB200,BE
res.bank_BBRUBEBB800,ING BELGIUM NV/SA (FORMERLY BANK BRUSSELS LAMBERT SA) BRUGGE,BRUGGE,BBRUBEBB800,BE
res.bank_BBRUBEBB,ING BELGIUM NV/SA (FORMERLY BANK BRUSSELS LAMBERT SA) BRUSSELS,BRUSSELS,BBRUBEBB,BE
res.bank_BBRUBEBB100,ING BELGIUM NV/SA (FORMERLY BANK BRUSSELS LAMBERT SA) BRUSSELS,BRUSSELS,BBRUBEBB100,BE
res.bank_BBRUBEBBCLS,ING BELGIUM NV/SA (FORMERLY BANK BRUSSELS LAMBERT SA) BRUSSELS,BRUSSELS,BBRUBEBBCLS,BE
res.bank_BBRUBEBB010,ING BELGIUM NV/SA (FORMERLY BANK BRUSSELS LAMBERT SA) BRUSSELS,BRUSSELS,BBRUBEBB010,BE
res.bank_BBRUBEBBVYS,ING BELGIUM NV/SA (FORMERLY BANK BRUSSELS LAMBERT SA) BRUSSELS,BRUSSELS,BBRUBEBBVYS,BE
res.bank_BBRUBEBB600,ING BELGIUM NV/SA (FORMERLY BANK BRUSSELS LAMBERT SA) CHARLEROI,CHARLEROI,BBRUBEBB600,BE
res.bank_BBRUBEBB900,ING BELGIUM NV/SA (FORMERLY BANK BRUSSELS LAMBERT SA) GENT,GENT,BBRUBEBB900,BE
res.bank_BBRUBEBB350,ING BELGIUM NV/SA (FORMERLY BANK BRUSSELS LAMBERT SA) HASSELT,HASSELT,BBRUBEBB350,BE
res.bank_BBRUBEBB850,ING BELGIUM NV/SA (FORMERLY BANK BRUSSELS LAMBERT SA) KORTRIJK,KORTRIJK,BBRUBEBB850,BE
res.bank_BBRUBEBB300,ING BELGIUM NV/SA (FORMERLY BANK BRUSSELS LAMBERT SA) LEUVEN,LEUVEN,BBRUBEBB300,BE
res.bank_BBRUBEBB400,ING BELGIUM NV/SA (FORMERLY BANK BRUSSELS LAMBERT SA) LIEGE,LIEGE,BBRUBEBB400,BE
res.bank_BBRUBEBB700,ING BELGIUM NV/SA (FORMERLY BANK BRUSSELS LAMBERT SA) MONS,MONS,BBRUBEBB700,BE
res.bank_INGRBEBB,INGRAM MICRO COORDINATION CENTER BVBA,VILVOORDE,INGRBEBB,BE
res.bank_JOJOBE22,JC GENERAL SERVICES CVBA,BEERSE,JOJOBE22,BE
res.bank_JOCIBEBB,JOHNSON CONTROLS INTERNATIONAL NV,DIEGEM,JOCIBEBB,BE
res.bank_JPMGBEBBMOM,JP MORGAN INTERNATIONAL BANK,BRUSSELS,JPMGBEBBMOM,BE
res.bank_JPMGBEBB,JP MORGAN INTERNATIONAL BANK,BRUSSELS,JPMGBEBB,BE
res.bank_CHASBEBXENQ,JPMORGANÊCHASEÊBANK N.A.,BRUSSELS,CHASBEBXENQ,BE
res.bank_CHASBEBXKEY,JPMORGANÊCHASEÊBANK N.A.,BRUSSELS,CHASBEBXKEY,BE
res.bank_CHASBEBX,JPMORGANÊCHASEÊBANK N.A.,BRUSSELS,CHASBEBX,BE
res.bank_KBCABEBB,KBC ASSET MANAGEMENT,BRUSSELS,KBCABEBB,BE
res.bank_KREDBEBB250,KBC BANK NV,AALST,KREDBEBB250,BE
res.bank_KREDBEBB022,KBC BANK NV,ANTWERPEN,KREDBEBB022,BE
res.bank_KREDBEBBCLS,KBC BANK NV,BRUSSELS,KREDBEBBCLS,BE
res.bank_KREDBEBBLCH,KBC BANK NV,BRUSSELS,KREDBEBBLCH,BE
res.bank_KREDBEBB,KBC BANK NV,BRUSSELS,KREDBEBB,BE
res.bank_KREDBEBB100,KBC BANK NV,BRUSSELS,KREDBEBB100,BE
res.bank_KREDBEBB387,KBC BANK NV,BRUSSELS,KREDBEBB387,BE
res.bank_KREDBEBB085,KBC BANK NV,GENT,KREDBEBB085,BE
res.bank_KREDBEBB460,KBC BANK NV,TIENEN,KREDBEBB460,BE
res.bank_KBSEBE22CBL,KBC SECURITIES N.V.,ANTWERPEN,KBSEBE22CBL,BE
res.bank_KBSEBE22,KBC SECURITIES N.V.,BRUSSELS,KBSEBE22,BE
res.bank_KBSEBE22882,KBC SECURITIES N.V.,BRUSSELS,KBSEBE22882,BE
res.bank_KEYTBEBB,KEYTRADE BANK SA/NV,BRUSSELS,KEYTBEBB,BE
res.bank_LABEBEBB,LELEUX ASSOCIATED BROKERS,BRUSSELS,LABEBEBB,BE
res.bank_LOCYBEBBNDP,LOMBARD ODIER (EUROPE) S.A.,BRUSSELS,LOCYBEBBNDP,BE
res.bank_LOCYBEBB,LOMBARD ODIER (EUROPE) S.A.,BRUSSELS,LOCYBEBB,BE
res.bank_MBWMBEBB,MEDIRECT BANK,BRUSSELS,MBWMBEBB,BE
res.bank_MHCBBEBB,MIZUHO BANK NEDERLAND N.V. BRUSSELS BRANCH,BRUSSELS,MHCBBEBB,BE
res.bank_BMTSBEBB,MTS ASSOCIATED MARKETS,BRUSSELS,BMTSBEBB,BE
res.bank_NEXABEBB,NEXANS SERVICES SA,BRUSSELS,NEXABEBB,BE
res.bank_IKEABEBB,NV IKEA SERVICE CENTRE SA,ZAVENTEM,IKEABEBB,BE
res.bank_OBKBBE99,OBK BANK,GENT,OBKBBE99,BE
res.bank_OBKBBE99MNP,OBK BANK,GENT,OBKBBE99MNP,BE
res.bank_OMEGBE9A,OMEGA PHARMAÊCAPITALÊNV,NAZARETH,OMEGBE9A,BE
res.bank_ETHIBEBB,OPTIMABANK NV,BRUSSELS,ETHIBEBB,BE
res.bank_ETHIBEBBRTG,OPTIMABANK NV,BRUSSELS,ETHIBEBBRTG,BE
res.bank_PECSBEBB009,PETERCAM S.A.,BRUSSELS,PECSBEBB009,BE
res.bank_PECSBEBB,PETERCAM S.A.,BRUSSELS,PECSBEBB,BE
res.bank_PUILBEBB,PUILAETCO DEWAAY PRIVATE BANKERS,BRUSSELS,PUILBEBB,BE
res.bank_RABOBE22,RABOBANK INTERNATIONAL ANTWERP BRANCH,ANTWERPEN,RABOBE22,BE
res.bank_RABOBE23,RABOBANK INTERNATIONAL ANTWERP BRANCH CORPORATE BANK,BERCHEM,RABOBE23,BE
res.bank_DXFSBEBBFAD,RBC INVESTOR SERVICES BELGIUM,BRUSSELS,DXFSBEBBFAD,BE
res.bank_DXFSBEBBSHS,RBC INVESTOR SERVICES BELGIUM,BRUSSELS,DXFSBEBBSHS,BE
res.bank_DXFSBEBB,RBC INVESTOR SERVICES BELGIUM,BRUSSELS,DXFSBEBB,BE
res.bank_HBKABE22,RECORD BANK NV,GENT,HBKABE22,BE
res.bank_HBKABE22TA2,RECORD BANK NV,GENT,HBKABE22TA2,BE
res.bank_RCBPBEBB,ROTHSCHILD BELGIQUE,BRUSSELS,RCBPBEBB,BE
res.bank_RPINBEBB,ROYAL PARK INVESTMENTS,BRUSSELS,RPINBEBB,BE
res.bank_SWLIBEBB,S.W.I.F.T. HEADQUARTERS,LA HULPE,SWLIBEBB,BE
res.bank_SWTDBEBB,S.W.I.F.T. HEADQUARTERS,LA HULPE,SWTDBEBB,BE
res.bank_BNPABEBS,SAGIP S.A. (S.A. DE GESTION DINVESTISSEMENT ET DE PARTICIPATION),BRUSSELS,BNPABEBS,BE
res.bank_BSCHBEBB,SANTANDER BENELUX SA,BRUSSELS,BSCHBEBB,BE
res.bank_BSCHBEBBBLX,SANTANDER BENELUX SA,BRUSSELS,BSCHBEBBBLX,BE
res.bank_SCCPBEBB,SCAÊCAPITALÊNV,DIEGEM,SCCPBEBB,BE
res.bank_SGPBBE99,SGÊPRIVATE BANKINGÊBELGIUM,GENT,SGPBBE99,BE
res.bank_SHIZBEBB,SHIZUOKA BANK (EUROPE) S.A.,BRUSSELS,SHIZBEBB,BE
res.bank_SGABBEB2,SOCIETE GENERALE (BELGIAN HEAD OFFICE),BRUSSELS,SGABBEB2,BE
res.bank_SGABBEB2BRU,SOCIETE GENERALE (BELGIAN HEAD OFFICE),BRUSSELS,SGABBEB2BRU,BE
res.bank_SGABBEB2TRA,SOCIETE GENERALE (BELGIAN HEAD OFFICE),BRUSSELS,SGABBEB2TRA,BE
res.bank_SSIABEBB,SOLUTIA SERVICES INTERNATIONAL SCA,BRUSSELS,SSIABEBB,BE
res.bank_SOLVBEBB,SOLVAY CICC S.A,BRUSSELS,SOLVBEBB,BE
res.bank_SBINBE2X,STATE BANK OF INDIA,ANTWERPEN,SBINBE2X,BE
res.bank_SMBCBEBBGEB,SUMITOMO MITSUI BANKING CORPORATION,BRUSSELS,SMBCBEBBGEB,BE
res.bank_SMBCBEBB,SUMITOMO MITSUI BANKING CORPORATION,BRUSSELS,SMBCBEBB,BE
res.bank_SWHQBECACIO,SWIFT HEADQUARTERS,BRUSSELS,SWHQBECACIO,BE
res.bank_SWHTBEBBAC1,SWIFT HEADQUARTERS,BRUSSELS,SWHTBEBBAC1,BE
res.bank_SWHTBEBBAC2,SWIFT HEADQUARTERS,BRUSSELS,SWHTBEBBAC2,BE
res.bank_SWHTBEBBAC3,SWIFT HEADQUARTERS,BRUSSELS,SWHTBEBBAC3,BE
res.bank_SWHQBEBBADS,SWIFT HEADQUARTERS,LA HULPE,SWHQBEBBADS,BE
res.bank_SWHQBEBBBCT,SWIFT HEADQUARTERS,LA HULPE,SWHQBEBBBCT,BE
res.bank_SWHQBEBBEVE,SWIFT HEADQUARTERS,LA HULPE,SWHQBEBBEVE,BE
res.bank_SWHQBEBBBIL,SWIFT HEADQUARTERS,LA HULPE,SWHQBEBBBIL,BE
res.bank_SWHQBECAENC,SWIFT HEADQUARTERS,LA HULPE,SWHQBECAENC,BE
res.bank_SWHQBEBBE2E,SWIFT HEADQUARTERS,LA HULPE,SWHQBEBBE2E,BE
res.bank_SWHQBEBBFIN,SWIFT HEADQUARTERS,LA HULPE,SWHQBEBBFIN,BE
res.bank_SWHQBEBBGMT,SWIFT HEADQUARTERS,LA HULPE,SWHQBEBBGMT,BE
res.bank_SWHQBEBBTSD,SWIFT HEADQUARTERS,LA HULPE,SWHQBEBBTSD,BE
res.bank_SWHQBEBBMKT,SWIFT HEADQUARTERS,LA HULPE,SWHQBEBBMKT,BE
res.bank_SWHQBEBBMEM,SWIFT HEADQUARTERS,LA HULPE,SWHQBEBBMEM,BE
res.bank_SWHQBEBBPRM,SWIFT HEADQUARTERS,LA HULPE,SWHQBEBBPRM,BE
res.bank_SWHQBEBBQED,SWIFT HEADQUARTERS,LA HULPE,SWHQBEBBQED,BE
res.bank_SWHQBECACMC,SWIFT HEADQUARTERS,LA HULPE,SWHQBECACMC,BE
res.bank_SWHQBECACKC,SWIFT HEADQUARTERS,LA HULPE,SWHQBECACKC,BE
res.bank_SWHQBEBBTTT,SWIFT HEADQUARTERS,LA HULPE,SWHQBEBBTTT,BE
res.bank_SWHQBEBBSAL,SWIFT HEADQUARTERS,LA HULPE,SWHQBEBBSAL,BE
res.bank_SWHQBEBBSHR,SWIFT HEADQUARTERS,LA HULPE,SWHQBEBBSHR,BE
res.bank_SWHQBEBBSTD,SWIFT HEADQUARTERS,LA HULPE,SWHQBEBBSTD,BE
res.bank_SWHQBEBBLOG,SWIFT HEADQUARTERS,LA HULPE,SWHQBEBBLOG,BE
res.bank_SWHQBEBBEDU,SWIFT HEADQUARTERS,LA HULPE,SWHQBEBBEDU,BE
res.bank_SWHQBEBBSNF,SWIFT HEADQUARTERS,LA HULPE,SWHQBEBBSNF,BE
res.bank_SWHQBEBBTLC,SWIFT HEADQUARTERS,LA HULPE,SWHQBEBBTLC,BE
res.bank_SWHQBEBB,SWIFT HEADQUARTERS,LA HULPE,SWHQBEBB,BE
res.bank_SWHQBEBB111,SWIFT HEADQUARTERS,LA HULPE,SWHQBEBB111,BE
res.bank_SWHQBEBBREF,SWIFT HEADQUARTERS,LA HULPE,SWHQBEBBREF,BE
res.bank_SWHTBEBB,SWIFT HEADQUARTERS,LA HULPE,SWHTBEBB,BE
res.bank_MMMVBEBB,TESSENDERLO CHEMIE NV,BRUSSELS,MMMVBEBB,BE
res.bank_BNYMBEBBFND,THE BANK OF NEW YORK MELLON BRUSSELS BRANCH,BRUSSELS,BNYMBEBBFND,BE
res.bank_BNYMBEBB,THE BANK OF NEW YORK MELLON BRUSSELS BRANCH,BRUSSELS,BNYMBEBB,BE
res.bank_IRVTBEBBADM,THE BANK OF NEW YORK MELLON SA/NV,BRUSSELS,IRVTBEBBADM,BE
res.bank_IRVTBEBBBKR,THE BANK OF NEW YORK MELLON SA/NV,BRUSSELS,IRVTBEBBBKR,BE
res.bank_IRVTBEBBGSS,THE BANK OF NEW YORK MELLON SA/NV,BRUSSELS,IRVTBEBBGSS,BE
res.bank_IRVTBEBBIMC,THE BANK OF NEW YORK MELLON SA/NV,BRUSSELS,IRVTBEBBIMC,BE
res.bank_IRVTBEBB,THE BANK OF NEW YORK MELLON SA/NV,BRUSSELS,IRVTBEBB,BE
res.bank_IRVTBEBBBSK,THE BANK OF NEW YORK MELLON SA/NV,BRUSSELS,IRVTBEBBBSK,BE
res.bank_ABNABEBR,THE ROYAL BANK OF SCOTLAND PLC BELGIUM (FORMERLY KNOWN AS RBS NV),BRUSSELS,ABNABEBR,BE
res.bank_TRIOBEBB,TRIODOS BANK,BRUSSELS,TRIOBEBB,BE
res.bank_UBSWBEBB,UBS BELGIUM SA/NV,BRUSSELS,UBSWBEBB,BE
res.bank_UTWBBEBB,UNITED TAIWAN BANK S.A.,BRUSSELS,UTWBBEBB,BE
res.bank_VDSPBE22,VDK SPAARBANK NV,GENT,VDSPBE22,BE
res.bank_VFCOBE2B,VF EUROPE BVBA,BORNEM,VFCOBE2B,BE
res.bank_VWAGBEBB,VOLKSWAGEN GROUP SERVICES SA/NV,BRUSSELS,VWAGBEBB,BE
res.bank_WPPGBEBB,WPP GROUP SERVICES SNC,BRUSSELS,WPPGBEBB,BE
res.bank_ZOETBEBB,ZOETIS TREASURY CENTER BVBA FINANCIAL DEPARTMENT,ZAVENTEM,ZOETBEBB,BE
res.bank_INGBFRPP,"ING BELGIUM S.A., SUCCURSALE EN FRANCE",PARIS,INGBFRPP,FR
res.bank_INGBGB22,"ING BANK N.V., LONDON BRANCH",LONDON,INGBGB22,GB
