id,ref,name,responsible,mobile,phone,fax,email,property_supplier_payment_term/id,website,street,street2,zip,city,country,lang,property_account_position,vat,supplier
res.partner_2CCSSP,2CCSSP,2CCS SPRL,,,02 3875410,02 3875410,,account.account_payment_term_net,,"RUE GIROUNE, 17A",,1421,OPHAIN BOIS SEIGNEUR ISAAC,BE,fr_FR,Régime National,,True
res.partner_AAZDEV,AAZDEV,A A Z DE VOTRE JARDIN,,,019 698945,019 698945,,account.account_payment_term_net,,RUE DESIRE LISMONDE 25,,4257,ROSOUX,BE,fr_FR,Régime National,,True
res.partner_ACTUAL,ACTUAL,ACTUAL DESIGNS,,,04 3797537,04 3798486,info@actual-designs.be,account.account_payment_term_net,,RUE DES SEMAILLES,,4400,FLEMALLE,BE,fr_FR,Régime National,,True
res.partner_ADECCO,ADECCO,ADECCO PERSONNEL SERVICES SA,,,02 5839111,02 5839112,,account.account_payment_term_net,,NOORDKUSTLAAN 16B,,1702,GROOT-BIJGAARDEN,BE,fr_FR,Régime National,,True
res.partner_ADMFLE,ADMFLE,ADM.COMM.DE FLEMALLE,,0472 45 59 87,,,,account.account_payment_term_net,,GRAND ROUTE,,4400,FLEMALLE,BE,fr_FR,Régime National,,True
res.partner_ADOBES,ADOBES,ADOBE SYSTEMS SOFTWARE IRELAND LTD,,,,,,account.account_payment_term_net,,4-6 RIVERWALK,CITYWEST BUSINESS PARK,,DUBLIN 24,IE,en_US,Régime Intra-Communautaire,,True
res.partner_AEPAR1,AEPAR1,A&E PARIS SARL,,,0033 142760154,0033 144598542,a.et.e@free.fr,account.account_payment_term_net,,"67, RUE DU TEMPLE",,75003,PARIS,FR,fr_FR,Régime National,,True
res.partner_AGEDEX,AGEDEX,AGEDEXT,,0497 575433,,,,account.account_payment_term_net,,"RUE DE L'HOSPICE, 7",,4860,PEPINSTER,BE,fr_FR,Régime National,,True
res.partner_AGELEC,AGELEC,AG ELEC SPRL,,0475.76.79.82,087 336720,087 336720,ag.elec@yahoo.fr,account.account_payment_term_net,,"CHEMIN TROU DU RENARD, 4 ",,4800,ENSIVAL,BE,fr_FR,Régime National,,True
res.partner_AGFMOT,AGFMOT,AGF MOTOR S.P.R.L.,,,043 377764,043 379226,,account.account_payment_term_net,,"RUE SEWAGE, 13",,4100,SERAING,BE,fr_FR,Régime National,,True
res.partner_AGINSU,AGINSU,AG INSURANCE,,,,,,account.account_payment_term_net,,BOULEVARD E. JACQMAIN 53,,1000,BRUXELLES,BE,fr_FR,Régime National,,True
res.partner_AIV,AIV,A.I.V. SECURITEC,,,04.247.47.58,04.263.22.98,info@aivsecuritec.be,account.account_payment_term_net,,RUE DE L'YSER . 324,,4430,ANS,BE,fr_FR,Régime National,,True
res.partner_ALTERE,ALTERE,ALTEREGO S.A.,,,04 3611300,04 2476349,,account.account_payment_term_net,,AVENUE DU PROGRES 21,,4432,ALLEUR,BE,fr_FR,Régime National,,True
res.partner_ALTERY,ALTERY,ALTERYS,,,02 5411855,02 5411851,,account.account_payment_term_net,,"CHAUSSEE DE LA HULPE, 177",,1170,BRUXELLES,BE,fr_FR,Régime National,,True
res.partner_AMBASS,AMBASS,AMBASSADOR HOTEL,,,,,,account.account_payment_term_net,,WAITING FOR,,,SHANGHAI,KR,en_US,Régime Extra-Communautaire,,True
res.partner_AMIC,AMIC,AMICALEMENT VÔTRE,,+33 6 18923214,+33 142460555,+33 142460770,amicalementvotre@wanadoo.fr,account.account_payment_term_net,,55 .RUE DES PETITES ECURIES,CS 40100 -  ESCALIER B - 1 ETAGE,75468,PARIS CEDEX 10,FR,fr_FR,Régime National,,True
res.partner_ANGELA,ANGELA,ANGEL ARIAS MUDANZAS,,,0034 926545719,0034 928552875,,account.account_payment_term_net,,"C/ MONTES, 14",,13600,CUIDAD REAL,ES,en_US,Régime Intra-Communautaire,,True
res.partner_ANPI01,ANPI01,ANPI ASBL,,,010 475211,010 475270,,account.account_payment_term_net,,PARC SCIENTIFIQUE FLEMING,GRANBONPRE 1,1348,LOUVAIN-LA-NEUVE,BE,fr_FR,Régime National,,True
res.partner_AOUICH,AOUICH,BEN AOUICHA,,0039 3384253027,0039 03821996261,0039 03821996261,inna.hrybenko@tiscali.it,account.account_payment_term_net,,VIA R. BONGHI N°12,,20141,MILANO,IT,en_US,Régime Intra-Communautaire,,True
res.partner_AOUICH,AOUICH,BEN AOUICHA,,,0039 03821996261,0039 03821996261,inna.hrybenko@tiscali.it,account.account_payment_term_net,,VIA R. BONGHI N°12,,20141,MILANO,IT,en_US,Régime Intra-Communautaire,,True
res.partner_ARPEL,ARPEL,ARPEL,,,2 315 951,,,account.account_payment_term_net,,33. VIA IPPOLITO NIEVO,,20145,MILANO,IT,nl_NL,Régime National,,True
res.partner_ARTE10,ARTE10,ARTEX PP,,,0086 62588701,,,account.account_payment_term_net,,383 . WEST JIANGUO,,,SHANGHAI,CN,fr_FR,Régime Extra-Communautaire,,True
res.partner_ARTEX,ARTEX,SHANGHAI ORIENT ARTEX INTERNATIONAL,,1391636136,,,davidts.shanghai@gmail.com,account.account_payment_term_net,,383 . WEST JIANGUO,,,SHANGHAI,CN,en_US,Régime Extra-Communautaire,,True
res.partner_ARTEX0,ARTEX0,ARTEX SAIMENGE,,,,,davidts.shanghai@gmail.com,account.account_payment_term_net,,383 WEST JIANGUO,,,SHANGHAI,CN,en_US,Régime Extra-Communautaire,,True
res.partner_ARTEX1,ARTEX1,ARTEX MISS QING,,1391636136,,,,account.account_payment_term_net,,383 . WEST JIANGUO,,,SHANGHAI,CN,en_US,Régime Extra-Communautaire,,True
res.partner_ARTEX2,ARTEX2,ARTEX QUE LEN,,1391636136,,,,account.account_payment_term_net,,383 . WEST JIANGUO,,,SHANGHAI,CN,en_US,Régime Extra-Communautaire,,True
res.partner_ARTEX3,ARTEX3,ARTEX TSE LIANG,,1391636136,,,,account.account_payment_term_net,,383 . WEST JIANGUO,,,SHANGHAI,CN,en_US,Régime Extra-Communautaire,,True
res.partner_ARTEX4,ARTEX4,ARTEX TAPON,,1391636136,,,,account.account_payment_term_net,,383 . WEST JIANGUO,,,SHANGHAI,CN,en_US,Régime Extra-Communautaire,,True
res.partner_ARTEX5,ARTEX5,ARTEX CADDY,,1391636136,,,,account.account_payment_term_net,,383 . WEST JIANGUO,,,SHANGHAI,CN,en_US,Régime Extra-Communautaire,,True
res.partner_ARTEX6,ARTEX6,ARTEX WILLOW,,1391636136,,,davidts.shanghai@gmail.com,account.account_payment_term_net,,383 . WEST JIANGUO,,,SHANGHAI,CN,en_US,Régime Extra-Communautaire,,True
res.partner_ARTEX7,ARTEX7,ARTEX SHOPPING,,1391636136,,,,account.account_payment_term_net,,383 . WEST JIANGUO,,,SHANGHAI,CN,en_US,Régime Extra-Communautaire,,True
res.partner_ARTEX8,ARTEX8,ARTEX QI LING,,+86 1391636136,,,davidts.shanghai@gmail.com,account.account_payment_term_net,,383 . WEST JIANGUO,,,SHANGHAI,CN,en_US,Régime Extra-Communautaire,,True
res.partner_ARTEX9,ARTEX9,ARTEX JIUSHENG,,+86 1391636136,,,,account.account_payment_term_net,,383 . WEST JIANGUO,,,SHANGHAI,CN,en_US,Régime Extra-Communautaire,,True
res.partner_ASCENT,ASCENT,SURE ASCENT DEVELOPMENT LTD,,+86 134 80403559,+852 23180335,+852 29509392,,account.account_payment_term_net,,"FLAT/RM 12 11/F, TOWER ONE",RESIDENCE THE METROPOLIS,,KOWLOON,HK,en_US,Régime Extra-Communautaire,,True
res.partner_AUDAXI,AUDAXI,AUDAXIS S.A.,,,02 3618301,02 3618311,,account.account_payment_term_net,,"AVENUE DE L'ARTISANAT, 2",,1420,BRAINE-L'ALLEUD,BE,fr_FR,Régime National,,True
res.partner_AUTOSY,AUTOSY,AUTOSYSTEM CENTER SPRL,,,04 2340590,04 2344373,,account.account_payment_term_net,,"RUE JOSEPH ROUYER, 101",,4460,GRACE-HOLLOGNE,BE,fr_FR,Régime National,,True
res.partner_AVA002,AVA002,AVA PAPIERWAREN S.A.,,,03 7715591,03 7714119,,account.account_payment_term_net,,BREDERODESTRAAT 15,,2018,ANTWERPEN,BE,nl_NL,Régime National,,True
res.partner_AVALED,AVALED,AVA LEDERWAREN BVBA,,,051 305658,051 312737,ava.v@scarlet.be,account.account_payment_term_net,,MANEGEMSTRAAT 50,,8870,IZEGEM,,nl_NL,Régime National,,True
res.partner_AVANCO,AVANCO,AVANCO SA,,,00352 26908901,00352 26908902,,account.account_payment_term_net,,"GRUUSS-STROOSS, 67",,9991,WEISWAMPACH,LU,fr_FR,Régime Intra-Communautaire,,True
res.partner_AXA,AXA,AXA ROYALE BELGE,,475530252,04.230.21.11,04.223.05.97,,account.account_payment_term_net,,BD D AVROY . 39,,4000,LIEGE,BE,fr_FR,Régime National,,True
res.partner_BABELW,BABELW,BABELWAY,,,10390013,,www.babelway.com,account.account_payment_term_net,,6 . CHEMIN DU CYCLOTRON,,1348,LOUVAIN-LA-NEUVE,BE,fr_FR,Régime National,,True
res.partner_BAUE,BAUE,EDITIONS BAUER,,,01.40.22.75.00,01.42.46.19.47,,account.account_payment_term_net,,30-32 - RUE DE CHABROL,,75010,PARIS,FR,fr_FR,Régime Intra-Communautaire,,True
res.partner_BBL1,BBL1,ING FLEMALLE,,0496 587959,04 3404010,04 234 33 27,,account.account_payment_term_net,,GRAND'ROUTE 409,,4400,FLEMALLE,BE,fr_FR,Régime National,,True
res.partner_BEGASS,BEGASS,NOTAIRE BEGASSE DE DHAEM,,,04 342 8288,043428 022,,account.account_payment_term_net,,RUE ADRIEN DE WITTE 12,,4020,LIEGE,BE,fr_FR,Régime National,,True
res.partner_BELGAC,BELGAC,BELGACOM,,0495 841745,,,,account.account_payment_term_net,,BD E. JACQMAIN,,1000,BRUXELLES,BE,fr_FR,Régime National,,True
res.partner_BELGIU,BELGIU,BELGIUM TELECOM,,,04 2230701,04 2235342,,account.account_payment_term_net,,"BOULEVARD DE LA SAUVENIERE, 82/86",,4000,LIEGE,BE,fr_FR,Régime National,,True
res.partner_BENEDE,BENEDE,BENEDETTO F. CARROSSERIE S.A.,,,04 3377764,04 3379226,,account.account_payment_term_net,,"RUE SEWAGE, 11",,4100,SERAING,BE,fr_FR,Régime National,,True
res.partner_BERVA,BERVA,BERVAES EMILE,,,43 435 426,,,account.account_payment_term_net,,177-179. RUE GRETRY,,4020,LIEGE,BE,fr_FR,Régime National,,True
res.partner_BIGCAR,BIGCAR,BIG CAR DESIGN,,,0086 59522892198 EXT,0086 59522892199,,account.account_payment_term_net,,"NO.16 FENGSHUN ROAD,",BEIFENG INDUSTRY ZONE,,QUANZHOU,CN,en_US,Régime Extra-Communautaire,,True
res.partner_BIOPAC,BIOPAC,BIO PACK & LOGISTICS BVBA,,,059 509059,059 501059,,account.account_payment_term_net,,KONIJNENBOSLAAN 21,,8470,GISTEL,BE,fr_FR,Régime National,,True
res.partner_BLAUWM,BLAUWM,BLAUWMEDIA TREND BOUTIQUE BV,,,0346.057.40.40,0346.57.60.56,,account.account_payment_term_net,,HANDELSWEG . 4,,3600,BA MAARSSEN,NL,fr_FR,Régime National,,True
res.partner_BOMANS,BOMANS,ETS BOMANS SPRL,,,04.224.00.84,04.224.00.88,,account.account_payment_term_net,,ZONING DU HAUT PRE,,4000,LIEGE,BE,fr_FR,Régime National,,True
res.partner_BRAKEL,BRAKEL,BRAKEL AERO NV/SA,,,053 857027,053 830106,sofies@brakelaero.be,account.account_payment_term_net,,SCHOOLSTRAAT 22,,9420,ERPE-MERE,BE,fr_FR,Régime National,,True
res.partner_BTAA01,BTAA01,BTAA TRAVELGOODS & ACC. ASSOCIATION,,0044 7909682938,0044 1212371107,0044 1212363921,,account.account_payment_term_net,,10 VYSE STREET,FEDERATION JOUSE,B18 6LT,BIRMINGHAM,GB,en_US,Régime Intra-Communautaire,,True
res.partner_CAELEN,CAELEN,CAELEN MICHEL ARCHITECTE,,0477 573421,04377.32.79,04/377.18.64,,account.account_payment_term_net,,9 . RUE BOUILLENNE,,4632,CEREXHE - HEUSEUX,BE,fr_FR,Régime National,,True
res.partner_CALBAR,CALBAR,CALBERSON ARDENNES,,,03.24.52.68.40,01.24.52.68.75,isabelle.titeux@geodis.com,account.account_payment_term_net,,ZI RUE MAURICE PERRIN,TOURNES,8013,CHARLEVILLE-MEZIERES,FR,fr_FR,Régime Intra-Communautaire,,True
res.partner_CALBE,CALBE,GEODIS AIRFREIGHT,,,02/751.45.00,02/751.45.38,,account.account_payment_term_net,,GEBOUW 741,,1931,Brucargo,BE,fr_FR,Régime National,,True
res.partner_CANON,CANON,CANON,,0475 419478,02/722.04.11,02/721.32.74,dispatch@canon.be,account.account_payment_term_net,,7. BESSENVELSTRAAT,,1831,DIEGEM,BE,fr_FR,Régime National,,True
res.partner_CANON,CANON,CANON,,,02/722.04.11,02/721.32.74,dispatch@canon.be,account.account_payment_term_net,,7. BESSENVELSTRAAT,,1831,DIEGEM,BE,fr_FR,Régime National,,True
res.partner_CASTER,CASTER,CASTERMANS CHR. ( POLICE FLEMALLE),,,0477.27.70.31,,,account.account_payment_term_net,,RUE DU MARLY . 9,,4480,ENGIS,BE,fr_FR,Régime National,,True
res.partner_CEFORA,CEFORA,CEFORA,,,0800 99715,,,account.account_payment_term_net,,AVENUE E. PLASKYLAAN 144,,1030,BRUXELLES,BE,fr_FR,Régime National,,True
res.partner_CELEM,CELEM,CELEM,,,04 3676434,04 3676515,sales@celem.be,account.account_payment_term_net,,"BOULEVARD DE L'OURTHE, 100",,4053,EMBOURG,BE,fr_FR,Régime National,,True
res.partner_CHCOLI,CHCOLI,CCI CONNECT,,0478 250638,43 439 292,43 439 267,,account.account_payment_term_net,,2. ESPLANADE DE L'EUROPE PALAIS DE,,4020,LIEGE,BE,fr_FR,Régime National,,True
res.partner_CLARIO,CLARIO,CLARION EVENTS LTD,,,0207.370.8222/8196,0207.370.89.64,,account.account_payment_term_net,,EARLS COURT EXHIBITION CENTRE,,SW5 9TA,LONDON,GB,fr_FR,Régime National,,True
res.partner_CLEANI,CLEANI,CLEANING MASTERS,,,04 3381212,04 3360202,,account.account_payment_term_net,,PARC D'IVOT-RAMET 13,,4400,FLEMALLE,BE,fr_FR,Régime National,,True
res.partner_CNAUTO,CNAUTO,AUTOTRASPORTI & LOGISTICA C.N.,,0039 3407796025,0035 290669572,,,account.account_payment_term_net,,"VIA BIZZOZZERO,78",,20032,CORMANO (MI),IT,en_US,Régime Intra-Communautaire,,True
res.partner_CORAN,CORAN,CORA ANDERLECHT,,,,,,account.account_payment_term_net,,DREVE OLYMPIQUE,,1070,Anderlecht,BE,fr_FR,Régime National,,True
res.partner_CORARO,CORARO,CORA ROCOURT,,,04/247.92.11,,,account.account_payment_term_net,,"CHAUSSEE DE TONGRES , 269",,4000,Rocourt,BE,fr_FR,Régime National,,True
res.partner_CORETE,CORETE,CORETEC ENGINEERING S.A.,,0472 442071,04 2397987,04 3729318,info@coretec.be,account.account_payment_term_net,,"RUE DES CHASSEURS ARDENNAIS, 5",,4031,ANGLEUR,BE,fr_FR,Régime National,,True
res.partner_COSMET,COSMET,COSMETIC CAR SCRL,,,04 2340590,04 2344373,,account.account_payment_term_net,,"RUE JOSEPH ROUYER,101",,4460,GRACE-HOLLOGNE,BE,fr_FR,Régime National,,True
res.partner_COUTRE,COUTRE,ETABLISSEMENTS COUTREZ S.A.,,,04 2645745,04 2647155,,account.account_payment_term_net,,RUE LOUIS BLERIOT 1,,4460,GRACE-HOLLOGNE,BE,fr_FR,Régime National,,True
res.partner_CPVP01,CPVP01,CPVP,,,02 2138599,02 2138595,commision@privacycommission.be,account.account_payment_term_net,,"RUE HAUTE, 139",,1000,BRUXELLES,BE,fr_FR,Régime National,,True
res.partner_CSTGET,CSTGET,CST-GETAX LOGISTICS,,,,,,account.account_payment_term_net,,SENATOR A. JEURISSENLAAN 1020B,,3520,ZONHOVEN,BE,nl_NL,Régime National,,True
res.partner_CUIRPL,CUIRPL,CUIR PLUS,,,0033 140240907,0033 140240012,,account.account_payment_term_net,,49 . RUE AMPERE,,75017,PARIS,FR,fr_FR,Régime National,,True
res.partner_CWTBEL,CWTBEL,CWT BELGIUM SPRL,,,02 2585000,02 2581301,,account.account_payment_term_net,,"BOULEVARD DE LA WOLUWE, 34",,1200,BRUXELLES,BE,fr_FR,Régime National,,True
res.partner_DACHSE,DACHSE,DACHSER GMBH & CO. KG,,,+49 2404902190,+49 2404902189,c.schmitz@dachser.com,account.account_payment_term_net,,MAX-PLANCK-STRASSE 2-8,,52477,ALSDORF,DE,fr_FR,Régime Intra-Communautaire,,True
res.partner_DAI,DAI,DAI DEVELOPPEMENT AUDIT INFOMAT,,0496 270076,0496.27.00.76,+32 4 3671969,dai@be.tf,account.account_payment_term_net,,RUE F.PAULSEN . 4,,4031,ANGLEUR,BE,fr_FR,Régime National,,True
res.partner_DAOUST,DAOUST,DAOUST,,,02 5131414,02 5130650,,account.account_payment_term_net,,GALERIE DE LA PORTE LOUISE 203/5,,1050,BRUXELLES,BE,en_US,Régime National,,True
res.partner_DAUGE1,DAUGE1,DAUGER GILLES,,+33 6 84661099,0033 1 45578471,,,account.account_payment_term_net,,"12 , RUE JEAN MARIDOR",,75015,PARIS,FR,fr_FR,Régime Intra-Communautaire,,True
res.partner_DAVIHE,DAVIHE,DAVIDTS HENRI,,0475 417081,085.31.08.88,085.31.08.82,,account.account_payment_term_net,,37 . RUE BONNE ESPERANCE,,4500,HUY - TIHANGE,BE,fr_FR,Régime National,,True
res.partner_DDI1,DDI1,DDI SCRL,,+32 475 420414,04.341.05.51,04.344.04.81,,account.account_payment_term_net,,AV. DU LUXEMBOURG . 22,,4020,LIEGE,BE,fr_FR,Régime National,,True
res.partner_DECATH,DECATH,DECATHLON ALLEUR,,,04 2472626,,,account.account_payment_term_net,,"20, RUE DU COMMERCE",,4432,ALLEUR,BE,fr_FR,Régime National,,True
res.partner_DECOR1,DECOR1,DECORAMA SCHAUSS S.A.,,,085 274950,085 274959,,account.account_payment_term_net,,"5, AVENUE DE L'INDUSTRIE",,4500,TIHANGE,BE,fr_FR,Régime National,,True
res.partner_DEFENS,DEFENS,DEFENSO,,,04 2527429,04 2339284,,account.account_payment_term_net,,"56, RUE DE JOIE",,4000,LIEGE,BE,fr_FR,Régime National,,True
res.partner_DEKLOK,DEKLOK,DE KLOK,,,,,tongeren@dekloklogistics.com,account.account_payment_term_net,,MOORTELSTRAAT . 16,,9160,LOKEREN,BE,fr_FR,Régime National,,True
res.partner_DESIGN,DESIGN,DESIGN POINT ASBL,,,0495 300488,,info@design-point.be,account.account_payment_term_net,,"84, RUE DE FRAGNEE",,4000,LIEGE,BE,nl_NL,Régime National,,True
res.partner_DIETE1,DIETE1,D'IETEREN VEHICLE TRADING S.A.,,,02 7568711,,,account.account_payment_term_net,,LEUVENSESTEENWEG 679,,3071,KORTENBERG,BE,fr_FR,Régime National,,True
res.partner_DIGIT2,DIGIT2,DIGITAL RIVER GMBH,,,,,,account.account_payment_term_net,,VOGESAGER STRASSE 78,,50823,COLOGNE,DE,en_US,Régime Intra-Communautaire,,True
res.partner_DIGIT3,DIGIT3,DIGITAL RIVER INTERNATIONAL SARL,,,,,,account.account_payment_term_net,,"9B, BOULEVARD DU PRINCE HENRI",,1724,LUXEMBOURG,LU,fr_FR,Régime Intra-Communautaire,,True
res.partner_DIGIT4,DIGIT4,DIGITACH SERVICE,,,02 2820960,02 2820969,,account.account_payment_term_net,,"RUE D'ARCHIMEDE, 5",,1000,BRUXELLES,BE,fr_FR,Régime National,,True
res.partner_DIV001,DIV001,D.I.V. C/O BPOST,,,,,,account.account_payment_term_net,,"RUE JOSEPH WAUTERS, 53",DISTRIBUTION CENTER 2,5580,JEMELLE,BE,fr_FR,Régime National,,True
res.partner_DONGGU,DONGGU,DONGGUAN OUFEIYA LEATHER CO. LTD,,,+852 23180335,+852 29509392,info@oufeiya.com.cn,account.account_payment_term_net,,"FLAT/RM 12 11/F, TOWER ONE",,,KOWLOON,HK,fr_FR,,,True
res.partner_DOUANE,DOUANE,ENTREPOT DES DOUANES,,,042 343805,04 3840749,NOUVEAU FAX CRV AU 09.01.04,account.account_payment_term_net,,AEROPORT DE BIERSET,,4460,BIERSET,BE,fr_FR,Régime National,,True
res.partner_DPD,DPD,DPD PARCEL BELGIUM,,,015.45.11.30-31,015.45.11.39,info@dpd.be,account.account_payment_term_net,,EGIDE WALSCHAERSTRAAT . 20,,2800,MECHELEN,BE,fr_FR,Régime National,,True
res.partner_DSV,DSV,DSV ROAD SA,,,03.897.25.00,03.897.25.09,,account.account_payment_term_net,,SCHOONMANSVELD . 40,,2870,PUURS,BE,fr_FR,Régime National,,True
res.partner_DTZROY,DTZROY,DTZ WINSSINGER TIE LEUNG S.A. N.V.,,,02 6290200,02 6479450,,account.account_payment_term_net,,CHAUSSEE DE LA HULPE 166,,1170,BRUXELLES,BE,fr_FR,Régime National,,True
res.partner_DUPIRE,DUPIRE,TANNERIES DUPIRE,,,2.41.69.4435,2.4169.87.54,,account.account_payment_term_net,,ROUTE DE JUVARDEIL,,49330,CHATEAU NEUF DU PAPE,FR,fr_FR,Régime Intra-Communautaire,,True
res.partner_EDENTI,EDENTI,E-DENTIC,,,0033 472656524,0033 472656493,gtassery@e-dentic.fr,account.account_payment_term_net,,13 CHEMIN DE LA PLAINE,,69390,VOURLES,FR,fr_FR,Régime Intra-Communautaire,,True
res.partner_EDINOV,EDINOV,EDINOVA SRL,,,0039 022158021,0039 022140961,,account.account_payment_term_net,,"VIA PORDENONE, 13",,20132,MILANO,IT,en_US,Régime Intra-Communautaire,,True
res.partner_ELEGIS,ELEGIS,ELEGIS AVOCATS,,,04 3423050,070 225222,,account.account_payment_term_net,,PLACE DES NATIONS-UNIES 7,,4020,LIEGE,BE,fr_FR,Régime National,,True
res.partner_ENI001,ENI001,ENI GAS & POWER S.A.,,,070 224002,02 2909590,,account.account_payment_term_net,,"RUE GUIMARD, 1A",,1040,BRUXELLES,BE,fr_FR,Régime National,,True
res.partner_ENIB01,ENIB01,ENIB SPRL BVBA,,,02 4784326,,enibserv@busmail.net,account.account_payment_term_net,,B.P. 117 ATONIUMSQUARE,,1020,BRUXELLES,BE,fr_FR,Régime National,,True
res.partner_ENVATO,ENVATO,ENVATO,,,,,,account.account_payment_term_net,,PO BOX 21177,LITTLE LONSDALE STREET,VIC8011,VICTORIA,AU,en_US,Régime Extra-Communautaire,,True
res.partner_ESFSEC,ESFSEC,EURO SCHUTZ FRANCE SECURITE,,,,,,account.account_payment_term_net,,"19, RUE LAMBERT",,75018,PARIS,FR,fr_FR,Régime Intra-Communautaire,,True
res.partner_ESSENT,ESSENT,ESSENT BELGIUM,,0479 989510,078.15.79.79,03.400.10.25,,account.account_payment_term_net,,NOORDERSINGEL . 19,,2140,ANTWERPEN,BE,fr_FR,Régime National,,True
res.partner_EULER,EULER,EULER HERMES,,,02 2894162,02 2894489,,account.account_payment_term_net,,"RUE MONTOYER, 15",,1000,BRUXELLES,BE,fr_FR,Régime National,,True
res.partner_EVRA,EVRA,DANIEL EVRARD,,,5.53.58.40.03,5.53.58.94.46,,account.account_payment_term_net,,CHATEAU DE PANISSEAU,,24240,THENAC,FR,fr_FR,Régime Intra-Communautaire,,True
res.partner_EVS,EVS,STUDIO EVS,,,765715148,765715188,,account.account_payment_term_net,,MINERVUM 1702 A,,4817,ZK BREDA,NL,nl_NL,Régime National,,True
res.partner_EXPOTR,EXPOTR,EXPO TRANS,,+39 3496470098,+39 665004846,+39 665003181,,account.account_payment_term_net,,"VIA PORTUENSE, 1555",COMMERCITY - ISOLA P44,148,ROMA,IT,fr_FR,Régime National,,True
res.partner_FACEBO,FACEBO,FACEBOOK IRELAND LTD,,,,,,account.account_payment_term_net,,5-7 HANNOVER QUAY,HANNOVER REACH,,DUBLIN 2,IE,en_US,Régime Intra-Communautaire,,True
res.partner_FAREA,FAREA,FAR EAST WU'S INDUSTRIAL LTD,,,+852 24926908,+852 24905211,,account.account_payment_term_net,,"62-70 TEXACO ROAD, BLOCK A1-A2 4/F",PO YIP BUILDING,,,HK,en_US,Régime Extra-Communautaire,,True
res.partner_FEDERA,FEDERA,FEDERAL EXPRESS,,478302900,80013555,80012025,,account.account_payment_term_net,,BUILDING 119,,1820,MELSBROEK,BE,fr_FR,Régime National,,True
res.partner_FILIEG,FILIEG,FOIRE INTERNATIONALE DE LIEGE,,+32 474 78 00 39,04 2271934,04 2271895,,account.account_payment_term_net,,AVENUE MAURICE DENIS 4,,4000,LIEGE,BE,fr_FR,Régime National,,True
res.partner_FISHER,FISHER,FISHERS LTD,,,0044 1423 810011,0044 1423 810012,fishers@fishers-harrogate.co.uk,account.account_payment_term_net,,FOURTH AVENUE,HORNBEAM PARK,HG2 8QT,HARROGATE,GB,en_US,Régime Intra-Communautaire,,True
res.partner_FLANDE,FLANDE,FLANDERS DISTRIBUTION NV,,,056 733232,056 733230,info@flandersdistribution.be,account.account_payment_term_net,,HOOGSTRAAT 56B,,8531,BAVIKHOVE,BE,nl_NL,Régime National,,True
res.partner_FLYER1,FLYER1,FLYER BVBA,,,070 222309,,,account.account_payment_term_net,,DORPSSTRAAT 175,,8340,SIJSELE,BE,nl_NL,Régime National,,True
res.partner_FORMAT,FORMAT,FORMATION PME LIEGE,,0494 561 729,04.229.84.20,04.229.84.29,formation.continue@formation-pme.be,account.account_payment_term_net,,"BOULEVARD SAINTE-BEUVE, 1",,4000,LIEGE,BE,fr_FR,Régime National,,True
res.partner_FORTIS,FORTIS,FORTIS AG,,,04 3410551,,,account.account_payment_term_net,,"AVENNUE DU LUXEMBOURG, 22",,4020,LIEGE,BE,fr_FR,Régime National,,True
res.partner_FULLW,FULLW,FULLWAY INDUSTRIAL CO. LTD.,,00852 97479286,00 852 27457070,00 852 27457882,,account.account_payment_term_net,,"UNIT 601-604, 6/F, CRE CENTRE",886. CHEUNG SHA WAN ROAD,KOWLOON,HONG KONG,HK,en_US,Régime Extra-Communautaire,,True
res.partner_FUTE01,FUTE01,PETIT FUTE.BE,,,02 3746384,02 3757182,,account.account_payment_term_net,,GELEYTSBEEKSTRAAT 168,,1180,BRUXELLES,BE,fr_FR,Régime Intra-Communautaire,,True
res.partner_FUTURE,FUTURE,FUTURE GOAL LIMITED,,+86 1391636136,+86 573 3168503,+86 573 3168506,,account.account_payment_term_net,,"QIAN-JIN BRIDGE, JIU-XING VILLAGE","YU-XIN TOWN, JIAXING",314009,ZHEJIANG,CN,en_US,Régime Extra-Communautaire,,True
res.partner_GALTIE,GALTIE,GALTIER EXPERTISES,,,02 7629999,02 7703161,info@galtier-expertises.com,account.account_payment_term_net,,"AVENUE DE TERVUREN, 164",,1150,BRUXELLES,BE,fr_FR,Régime National,,True
res.partner_GBN001,GBN001,GLOBAL BUSINESS NETWORK SA,,,00352 2644461,00352 26444646,fxd@gbn-europe.com,account.account_payment_term_net,,"2, RUE PLETZER",,8080,BERTRANGE,LU,fr_FR,Régime Intra-Communautaire,,True
res.partner_GEMOSC,GEMOSC,GEMO SCREEN N.V.,,,03 8770120,03 8770398,gemo.screen@skynet.be,account.account_payment_term_net,,BOOMSESTEENWEG 95,,2630,AARTSELAAR,BE,fr_FR,Régime National,,True
res.partner_GEODIS,GEODIS,GEODIS OVERSEAS NV,,,03 3281300,03 2050350,,account.account_payment_term_net,,INDUSTRIELAAN . 25 - 29,,2110,WIJNEGEM,BE,fr_FR,Régime National,,True
res.partner_GERAR1,GERAR1,GERARD & ASSOCIES,,,02 6460652,02 6464017,,account.account_payment_term_net,,"523, AVENUE LOUISE",,1050,BRUXELLES,BE,fr_FR,Régime National,,True
res.partner_GERLIN,GERLIN,GERLING NAMUR,,,081 324211,081 324301,,account.account_payment_term_net,,"AVENUE PRINCE DE LIEGE ,74-78",,5100,JAMBES,BE,fr_FR,Régime National,,True
res.partner_GEVERS,GEVERS,GEVERS & PARTNERS,,,04 2 52 42 24,04 252 56 90,liege@gevers.com,account.account_payment_term_net,,"RUE SAINTE CROIX, 4",,4000,LIEGE,BE,fr_FR,Régime National,,True
res.partner_GOOGLE,GOOGLE,"GOOGLE IRELAND, LTD",,,,,,account.account_payment_term_net,,GORDON HOUSE,BARROW STREET,,DUBLIN 4,IE,en_US,Régime Intra-Communautaire,,True
res.partner_GOSSEL,GOSSEL,GOSSELIN FORWARDING SERVICES N.V.,,+32 474 54 13 28,03 3281955,03 3254748,Marie-JeanneR@gosselingroup.eu,account.account_payment_term_net,,"BELCROWNLAAN, 40 ",,2100,ANTWERPEN,BE,nl_NL,Régime National,,True
res.partner_GS,GS,GS CHARLEROI SPRL,,,071 469797,071 469798,,account.account_payment_term_net,,RUE FONDS DE CORBEAU 17,,6180,COURCELLES,BE,fr_FR,Régime National,,True
res.partner_HECK,HECK,JEAN HECK EUPEN SA,,,087.89.99.11,087.88.34.85,,account.account_payment_term_net,,SIEBEPONISWEG . 9,,4700,EUPEN,BE,fr_FR,Régime National,,True
res.partner_HEENS1,HEENS1,MARCEL HEENS BUREAUTIQUE,,,04 2208830,04 2220180,admin@heens-bureautique.be,account.account_payment_term_net,,"RUE TRAPPE, 9",,4000,LIEGE,BE,fr_FR,Régime National,,True
res.partner_HELENA,HELENA,HELENA BUSINESS LTD,,,02 27062788,02 27062771,,account.account_payment_term_net,,"9F/3, NO. 237, SEC.2",FU-HSIN S. ROAD,,TAIPEI,TW,en_US,Régime Extra-Communautaire,,True
res.partner_HENGSH,HENGSH,HENGSHENG LEATHER PRODUCTS FACTORY,,,,,,account.account_payment_term_net,,FOSHAN NANHAI DALI INDUSTRIAL ZONE,HUANGQI SHAXI,528248,FOSHAN,CN,fr_FR,Régime Extra-Communautaire,,True
res.partner_HOLIDA,HOLIDA,HOLIDAY INN EXPRESS DORTMUND,,,+49 231176990,+49 23117699100,,account.account_payment_term_net,,MOSKAUER STRASSE 1,,44269,DORTMUND,DE,en_US,Régime Intra-Communautaire,,True
res.partner_HOYER1,HOYER1,HOYER S.A.,,,0033 328551141,0033 328551134,ccoutsiers@hoyez.com,account.account_payment_term_net,,"71, RUE DE LILLE Z.I.",,59710,AVELIN,FR,fr_FR,Régime National,,True
res.partner_I2IEVE,I2IEVE,I2I EVENTS,,,0044 2077284209,0044 2077283900,,account.account_payment_term_net,,HAMPSTEAD ROAD,GREATER LONDON HOUSE,NW1 7EJ,LONDON,GB,fr_FR,Régime Intra-Communautaire,,True
res.partner_IAW,IAW,IAW GMBH & CO KG,,,49 6188 990742,49 6188 990744,,account.account_payment_term_net,,AN DEN HIRTENCKERN 9,,63791,KARLSTEIN,DE,en_US,Régime Extra-Communautaire,,True
res.partner_IBGRA1,IBGRA1,IB GRAF SPRL,,0475 707407,04/228.78.23,04/227.95.24,,account.account_payment_term_net,,ZONING DES HAUTS-SARTS,"RUE D'ABHOOZ , 27",4040,HERSTAL,BE,fr_FR,Régime National,,True
res.partner_IJLLON,IJLLON,REED EXHIBITIONS LTD,,,0044 2082712144,0044 2089107930,ijlteam@reedexpo.co.uk,account.account_payment_term_net,,28 THE QUADRANT,GATEWAY HOUSE,TW9 1DN,RICHMOND,GB,en_US,Régime Intra-Communautaire,,True
res.partner_IMDPLC,IMDPLC,IMD MEDIA LTD,,,0033 149499970,,france@imdplc.com,account.account_payment_term_net,,"53, RUE D'HAUTEVILLE",,75010,PARIS,FR,fr_FR,Régime National,,True
res.partner_INGPAR,INGPAR,ING PARIS,,,0033 156393567,0033 156394130,,account.account_payment_term_net,,COEUR DEFENSE A,EUROPEAN BUSINESS DESK - EBD,92931,PARIS LA DEFENSE CEDEX,FR,fr_FR,Régime Intra-Communautaire,,True
res.partner_INK,INK,INK COMPANY,,,44.20.7613.8777,020.76.13.87.76,,account.account_payment_term_net,,141-143 - SHOREDITCH HIGH STREET,,E1 6JE,LONDON,GB,fr_FR,Régime National,,True
res.partner_INTERB,INTERB,INTERBAT BVBA,,,02 4667010,02 4661129,info@interbat.be,account.account_payment_term_net,,BODEGEMSTRAAT 292,,1700,SINT-MARTENS-BODEGEM,BE,nl_NL,Régime National,,True
res.partner_INTERC,INTERC,TRANSUNIVERSE CARGO,,,09.253.31.71,09.253.31.72,,account.account_payment_term_net,,INDUSTRIEWEG . 64-66,,9032,WOMMELGEM,BE,fr_FR,Régime National,,True
res.partner_INTERG,INTERG,INTERGIFT IFEMA,,,0034 902221616,0034 917225792,intergift@ifema.es,account.account_payment_term_net,,FERIA DE MADRID,,28042,MADRID,ES,en_US,Régime Intra-Communautaire,,True
res.partner_INTERT,INTERT,INTERTRANS SA,,,56 431 260,,,account.account_payment_term_net,,LA BLOK B/1,,8930,REKKEM,BE,nl_NL,Régime National,,True
res.partner_IPMGRO,IPMGRO,SA IPM GROUP NV,,,02 2112718,,,account.account_payment_term_net,,RUE DES FRANCS 79,,1040,BRUXELLES,BE,fr_FR,Régime National,,True
res.partner_ISIS1,ISIS1,ISIS SPRL,,,071/34.07.70,071/34.52.66,,account.account_payment_term_net,,"PLACE DES MARTYRS , 1",,6040,JUMET,BE,fr_FR,Régime National,,True
res.partner_ISOLPU,ISOLPU,ISOLPUR SPRL,,,087 222699,087 222899,info@isolpur.be,account.account_payment_term_net,,"RUE EMILE GOEDERT, 12A",,4970,FRANCORCHAMPS,BE,fr_FR,Régime National,,True
res.partner_ISTOCK,ISTOCK,ISTOCKPHOTO LP,,,00 4032653062,,,account.account_payment_term_net,,"SUITE 200,",1240 20TH AVENUE SE,T2G 1M8,"CALGARY, ALBERTA",CA,en_US,Régime Extra-Communautaire,,True
res.partner_ITTWAT,ITTWAT,ITT WATER & WASTEWATER BELGIUM BVBA,,,02 7209010,02 7205481,ittwwwbe@itt.com,account.account_payment_term_net,,VIERWINDEN 5B,,1930,ZAVENTEM,BE,fr_FR,Régime National,,True
res.partner_JAMEND,JAMEND,JAMENDO S.A.,,,00352 2653421,00352 26534242,licensing@jamendo.com,account.account_payment_term_net,,"AVENUE DE LA LIBERTE, 76",,1930,LUXEMBOURG,LU,fr_FR,Régime Intra-Communautaire,,True
res.partner_JATON,JATON,JATON INDUSTRIAL LTD,,+86 13905515131,+86551 2837327,+86551 2823695,,account.account_payment_term_net,,"1704 STAR MANSION,",64 XUANCHENG ROAD,230001,"HEFEI, ANHUI",CN,en_US,Régime Extra-Communautaire,,True
res.partner_JOASS,JOASS,JOASSIN-DAVIDTS,,32476472087,3423495,04 34140 95,,account.account_payment_term_net,,RUE DE L'ECONOMIE 2,,4431,LONCIN,BE,fr_FR,Régime National,,True
res.partner_JUBINA,JUBINA,JUBINALE (POLISH JEWELLERY),,,0048 585209099,0048 585201013,,account.account_payment_term_net,,UL. EDISONA 3/3,,80-172,GDANSK,PL,en_US,Régime Intra-Communautaire,,True
res.partner_KRAJOP,KRAJOP,KRAJO PRODUCTS,,0486 216074,087 787773,087 787790,krajo@skynet.be,account.account_payment_term_net,,RUE DES FOULERIES 7/11,,4800,VERVIERS,BE,fr_FR,Régime National,,True
res.partner_KUEHNE,KUEHNE,KUEHNE + NAGEL NV,,,03 2206311,03 2331508,Ahoitif.Ourimchi@kuehne-nagel.com,account.account_payment_term_net,,FRANKRIJKLEI . 115,,2000,ANTWERPEN,BE,fr_FR,Régime National,,True
res.partner_LABEL7,LABEL7,LABEL 7 S.A.S.,,,0033 141830889,0033 141714381,france@label7.com,account.account_payment_term_net,,"100, AVENUE DU GENERAL LECLERC",ZA DE LOURCQ LOT 136,93692,PANTIN CEDEX,FR,fr_FR,Régime Intra-Communautaire,,True
res.partner_LAMPIR,LAMPIR,LAMPIRIS SA,,,078 790790,04 3440018,info@lampiris.be,account.account_payment_term_net,,"RUE NATALIS, 2",,4020,LIEGE,BE,fr_FR,Régime National,,True
res.partner_LARVEN,LARVEN,"LARVENDER CO., LIMITED",,00 86 13928412418,0086 755 25634986,0086 755 26971795,,account.account_payment_term_net,,TRADE XINGYE I. Z. ZHONGSHAN ROAD,NANSHAN DISTRICT,518052,SHENZHEN,CN,en_US,Régime Extra-Communautaire,,True
res.partner_LEIX1,LEIX1,LEIX MERCHANDISING LTD,,,,,leix@netvigator.com,account.account_payment_term_net,,223. HONG FONG ROAD ROOM 316 30/FL,,,NEW TERRITORIES,HK,nl_NL,Régime Extra-Communautaire,,True
res.partner_LEMAU,LEMAU,LE MAUT MICHEL,,0033 686946594,0475 983412,0475 983090,,account.account_payment_term_net,,12 . RUE JANIN,,69004,LYON,FR,nl_NL,Régime National,,True
res.partner_LEPEIN,LEPEIN,LE PEINTRE CARROSSIER,,,087 353526,087 353546,,account.account_payment_term_net,,RUE JARDIN ECOLE 44,,4820,DISON,BE,fr_FR,Régime National,,True
res.partner_LESSEN,LESSEN,L'ESSENTIEL DE LA MAROQUINERIE,,,"1,41,74,60,84","1,41,74,60,84",,account.account_payment_term_net,,"10 , RUE DU LAC",,94160,SAINT - MANDE,FR,fr_FR,Régime National,,True
res.partner_LIBER1,LIBER1,LIBERTYLAN,,+33 611114367,+33 437497830,+33 437497831,contacteznous@libertylan.com,account.account_payment_term_net,,"10D, RUE DES ROSIERISTES",,69410,CHAMPAGNE AU MONT D'OR,FR,fr_FR,Régime Intra-Communautaire,,True
res.partner_LINKED,LINKED,LINKEDIN IRELAND LIMITED,,,,,,account.account_payment_term_net,,77 SIR JOHN ROGERSON'S QUAY,,,DUBLIN 2,IE,en_US,Régime Intra-Communautaire,,True
res.partner_LOADIN,LOADIN,LOADING SYSTEMS BELGIUM NV,,0473 993947,03 2315470,03 2314834,info@loading-systems.be,account.account_payment_term_net,,BELCROWNLAAN 13G,,2100,ANTWERPEN,BE,nl_NL,Régime National,,True
res.partner_LOGISO,LOGISO,LOGISOL PRO,,,09.231.97.40,09.231.97.40,,account.account_payment_term_net,,WAUTERSDREEF  22,,9090,MELLE,BE,fr_FR,Régime National,,True
res.partner_LUTZ,LUTZ,GLEISS LUTZ,,,49 71189970,49 711855096,,account.account_payment_term_net,,MAYBACHSTRASSE . 6,,70469,STUTTGART,DE,fr_FR,Régime National,,True
res.partner_LUXSEL,LUXSEL,LUX-SEL S.A.,,,051 244665,051 211583,info@luxsel.be,account.account_payment_term_net,,DELAERESTRAAT 37,,8800,ROESELARE,BE,nl_NL,Régime National,,True
res.partner_MADE2S,MADE2S,MADE 2 SA,,0473 97 00 82,04 2752600,04 2752610,made2@skynet.be,account.account_payment_term_net,,RUE DES NONNES; 26/1,,4400,FLEMALLE,BE,fr_FR,Régime National,,True
res.partner_MAISO3,MAISO3,SAFI. MAISON&OBJET,,,0033 144290200,0033 144290236,,account.account_payment_term_net,,"4, PASSAGE ROUX",,75850,PARIS CEDEX 17,FR,fr_FR,Régime Intra-Communautaire,,True
res.partner_MALLI,MALLI,MALLIER ERIC,,,03.26.82.46.83,,,account.account_payment_term_net,,5 . RUE EUSTACHE DESCHAMPS,,51100,REIMS,FR,fr_FR,Régime National,,True
res.partner_MANIFO,MANIFO,MANIFOLS IND. COMPANY  LTD,,,852 2414 7358,852 2414 7359,,account.account_payment_term_net,,MILLION FORTUNE IND. CENTRE,34-36 CHAI WAN KOK STREET,,TSUEN WAN,HK,en_US,Régime Extra-Communautaire,,True
res.partner_MANPOW,MANPOW,MANPOWER BELGIUM SA,,,,,,account.account_payment_term_net,,AVENUE LOUISE . 523,,1050,BRUXELLES,BE,fr_FR,Régime National,,True
res.partner_MARTEA,MARTEA,MARTEAU & LEMARIE,,,0033 141713876,0033 141713877,,account.account_payment_term_net,,"45, RUE DELIZY",,93692,PANTIN CEDEX,FR,fr_FR,Régime Intra-Communautaire,,True
res.partner_MCT001,MCT001,MCT,,,,,,account.account_payment_term_net,,FINLANDZKA 10,,03-903,WARSZAWA,PL,en_US,Régime Intra-Communautaire,,True
res.partner_MDSERV,MDSERV,MD SERVICES,,,0475 494715,,,account.account_payment_term_net,,RUE DES ACACIAS 29,,4470,STOCKAY ST. GEORGES,BE,fr_FR,Régime National,,True
res.partner_MEDIAM,MEDIAM,MEDIA MARKT HERSTAL SA,,,04 2407040,,,account.account_payment_term_net,,RUE BASSE CAMPAGNE 2,,4040,HERSTAL,BE,fr_FR,Régime National,,True
res.partner_MELOT1,MELOT1,BERNARD MELOTTE,,,086 219300,086 219301,sikivie.melotte@skynet.be,account.account_payment_term_net,,CHAINRUE 94,,6940,BARVAUX S/ OURTHE,BE,fr_FR,Régime National,,True
res.partner_MENSUR,MENSUR,MENSURA ASBL,,,02.549.71.10,02.219.14.00,,account.account_payment_term_net,,GOUVERNEUR ROPPESINGEL 25,TAXANDRIA CENTER,3500,HASSELT,BE,fr_FR,Régime National,,True
res.partner_MERTEN,MERTEN,MERTENS,,,010.24.12.43,010.24.18.57,,account.account_payment_term_net,,BD DU CENTENAIRE . 5,,1325,DION-VALMONT,BE,fr_FR,Régime National,,True
res.partner_MESSAR,MESSAR,MESS AROUND,,,0033 134739060,0033 134699011,equipe@mess-around.com,account.account_payment_term_net,,"45, RUE DES CLOTTINS",,95560,MONTSOULT,FR,fr_FR,Régime Intra-Communautaire,,True
res.partner_MESSEO,MESSEO,MESSE OFFENBACH GMBH,,,49.69.82.97.55-0,49.69.82.97.55.60,info@messe-offenbach-de,account.account_payment_term_net,,KAISERSTRASSE . 108-112,,63065,OFFENBACH A MAIN,DE,fr_FR,Régime National,,True
res.partner_MICRO1,MICRO1,MICROSOFT ONLINE INC.,,,,,,account.account_payment_term_net,,"6100 NEIL ROAD, STE 100",,89511NV,RENO,US,en_US,Régime Extra-Communautaire,,True
res.partner_MIPEL,MIPEL,AIMPES SERVIZI SRL,,,+39 0258451.1,+39 0258451320,segreteria@mipel.it,account.account_payment_term_net,,"V. LE BEATRICE D'ESTE, 43",,20122,MILANO,IT,fr_FR,Régime Intra-Communautaire,,True
res.partner_MODEIN,MODEIN,MODE INFORMATION,,,+2206 6007 0,+ 2206 6007 - 17,,account.account_payment_term_net,,PILGERSTRASSE . 20,,51491,OVERATH,DE,fr_FR,Régime Intra-Communautaire,,True
res.partner_MOOVE1,MOOVE1,MOOVE,,+32 477 772435,,,,account.account_payment_term_net,,"RUE DE LA BRUYERE FLEURIE, 2",,5024,MARCHE-LES-DAMES,BE,fr_FR,Régime National,,True
res.partner_MOSSOU,MOSSOU,MOSSOUX  MICHEL STYLISTE,,0475 590188,02.380.71.01,,mossoux.michel@skynet.be,account.account_payment_term_net,,21 /F8 - RUE NOTRE DAME,RESIDENCE NOTRE DAME BLOC F,1420,BRAINE-L'ALLEUD,BE,fr_FR,Régime National,,True
res.partner_MSEURO,MSEURO,MS EUROPE SPRL,,,02 2230863,02 2230865,,account.account_payment_term_net,,"RUE DES PALAIS, 44/52",,1030,BRUXELLES,BE,fr_FR,Régime Intra-Communautaire,,True
res.partner_MULTIM,MULTIM,INFO ET PROD. MULTIMEDIA,,,02 2112718,,,account.account_payment_term_net,,"RUE DES FRANCS, 79",,1040,BRUXELLES,BE,fr_FR,Régime National,,True
res.partner_MULTIP,MULTIP,MULTIPRINT S.A.,,,04 3422968,04 3415782,,account.account_payment_term_net,,"152, RUE DE FETINNE",,4020,LIEGE,BE,fr_FR,Régime National,,True
res.partner_NADACL,NADACL,TERRY NADASDI (NLT),,,,,mail@nadaclair.com,account.account_payment_term_net,,11027 64 AVENUE NW,,T6H 1T4,EDMONTON AB,CA,en_US,Régime Extra-Communautaire,,True
res.partner_NOTREL,NOTREL,A.S.B.L. NOTRE LION,,,042 503115,,,account.account_payment_term_net,,"RUE DU MONUMENT, 30",,4347,FEXHE-LE-HAUT-CLOCHER,BE,fr_FR,Régime National,,True
res.partner_NOVAGR,NOVAGR,NOVAGRAAF,,,020.564.14.11,020.696.23.03,,account.account_payment_term_net,,HOGEHILWEG . 3,PB 22722,1100,DE AMSTERDAM ZO,NL,fr_FR,Régime National,,True
res.partner_OKTOPU,OKTOPU,OKTOPUS,,,02 5420542,02 5420543,contact@oktopus.com,account.account_payment_term_net,,AVENUE LOUISE 331,,1050,BRUXELLES,BE,fr_FR,Régime National,,True
res.partner_ONET,ONET,ONET BELGIUM SA,,,02.428.20.29,02.423.04.60,,account.account_payment_term_net,,100 RUE DES PALAIS ,,1030,BRUXELLES,BE,fr_FR,Régime National,,True
res.partner_ONETEL,ONETEL,ONE TELECOM,,,081 225357,081 833459,facturation@one-telecom.be,account.account_payment_term_net,,"RUE DU GRAND CHAMP, 6",,5380,NOVILLE-LES-BOIS,BE,fr_FR,Régime National,,True
res.partner_OVHSAS,OVHSAS,SAS OVH,,,0033 899701761,0033 320200958,,account.account_payment_term_net,,"2, RUE KELLERMANN",BP 80157,59100,ROUBAIX,FR,fr_FR,Régime Intra-Communautaire,,True
res.partner_PANYUH,PANYUH,JIAFU PANYU LIJIANG HOTEL,,,,,,account.account_payment_term_net,,WAITING FOR,,,GUANGZHOU,CN,en_US,Régime Extra-Communautaire,,True
res.partner_PARIS3,PARIS3,PARISI FULVIO,,,0039 3343009725,0039 236592632,allestimentifulvioparisi@yahoo.it,account.account_payment_term_net,,VIA XX SEPTEMBRE N.132,,20099,"SESTO S. GIOVANNI, MILANO",IT,en_US,Régime Intra-Communautaire,,True
res.partner_PARISG,PARISG,PARIS GARE DE L'EST MAGENTA,,,0033 148248484,0033 148009103,H6223@accor.com,account.account_payment_term_net,,"1-3, COUR DE LA FERME SAINT LAZARE",,75010,PARIS,FR,fr_FR,Régime Intra-Communautaire,,True
res.partner_PERIME,PERIME,PERIMETER PARTNERS INTERN. LTD,,,0044 1617888065,,,account.account_payment_term_net,,1 PRINCESS STREET,,M1 7AG,MANCHESTER,GB,fr_FR,Régime Intra-Communautaire,,True
res.partner_POLYTR,POLYTR,POLYTRA INTERNATIONAL LOGISTICS,,,03.205.05.01,03.205.03.50,,account.account_payment_term_net,,POTVLIETLAAN . 7,,2600,BERCHEM (ANTWERPEN),BE,fr_FR,Régime National,,True
res.partner_POTVIN,POTVIN,POTVIN JEAN-LUC SPRL,,0475 29 27 26,04.278.06.34,04.278.06.63,,account.account_payment_term_net,,RUE LAMBERT DEWONCK . 90,,4452,WIHOGNE,BE,fr_FR,Régime National,,True
res.partner_POZNAN,POZNAN,TARGI POZNANSKIE SP. Z.O.O.,,,0061 8692000,0061 8692999,,account.account_payment_term_net,,UL. GLOGOWSKA 14,,60-734,POZNAN,PL,en_US,Régime Intra-Communautaire,,True
res.partner_PREMIU,PREMIU,PREMIUM.PL,,,,,,account.account_payment_term_net,,DOMANIEWSKA 37,,02-672,WARSZAWA,PL,en_US,Régime Intra-Communautaire,,True
res.partner_PREMOB,PREMOB,PRECOMPTE IMMOBILIER,,,,,,account.account_payment_term_net,,RUE PARADIS LIEGE 10,,4000,LIEGE,BE,fr_FR,Régime National,,True
res.partner_PRETAP,PRETAP,PRET A PORTER PARIS,,,0033 144315271,0033 144315280,exhidept@pretparis.com,account.account_payment_term_net,,"38-40, AVENUE DE NEW YORK",,75016,PARIS,FR,fr_FR,Régime Intra-Communautaire,,True
res.partner_PRODUL,PRODUL,A PRODULE SYSTEMS (P) LTD.,,,0091 9442374574,,,account.account_payment_term_net,,"30, BHARATHI PARK 5TH CROSS",SAIBABA COLONY,641011,COIMBATORE TAMIL NADU,IN,fr_FR,Régime Extra-Communautaire,,True
res.partner_PROPRI,PROPRI,OFFICE PROPRIETE INTELLECTUELLE,,,0031 703491111,0031 703475708,,account.account_payment_term_net,,BP 90404,,2509LK,LA HAYE,NL,en_US,Régime Intra-Communautaire,,True
res.partner_RANDST,RANDST,RANDSTAD BELGIUM SA,,,02/474.60.00,02/476.07.06,,account.account_payment_term_net,,BURO & DESIGN CENTER B71,,1020,BRUXELLES,BE,fr_FR,Régime National,,True
res.partner_RASPUB,RASPUB,RAS PUBLISHING,,,1484846069,1484846232,,account.account_payment_term_net,,THE OLD TOWN HLL,LEWISHAM ROAD,HD7 5AL,HUDDERSFIELD,GB,fr_FR,Régime National,,True
res.partner_RDTGRO,RDTGRO,GROUPE RDT S.A.S.,,,0033 491030647,0033 491030694,,account.account_payment_term_net,,"10, AVENUE DE LA BAUXITE",Z.I. DE LA DELORME,13315,MARSEILLE CEDEX 15,FR,fr_FR,Régime Intra-Communautaire,,True
res.partner_REFORM,REFORM,REFORME SA,,,04 2505150,04 2505351,info@reforme-sa.be,account.account_payment_term_net,,CHEMIN DES MOISSONS 10,PARC ARTISANAL DES CAHOTTES,4400,FLEMALLE,BE,fr_FR,Régime National,,True
res.partner_REM,REM,REMY JOSEPH,,,02 6878067,02 6878067,,account.account_payment_term_net,,MARNIXLAAN 16,,3090,OVERIJSE,BE,fr_FR,Régime National,,True
res.partner_REMANS,REMANS,REMANS,,0495 252350,04 2751599,04 2751544,,account.account_payment_term_net,,"AUX HOUX,  9&12",,4480,CLERMONT S/HUY,BE,fr_FR,Régime National,,True
res.partner_REPORT,REPORT,LEDERWAREN REPORT,,,02.11.577.08.0,02.11 577 08 12,,account.account_payment_term_net,,POSTFACH 11 12 49 ,,40512,DUSSELDORF,DE,fr_FR,Régime Intra-Communautaire,,True
res.partner_ROTHJ1,ROTHJ1,JÜRGEN ROTH,,+49 179 2052226,+49 179 2052226,,roth.hv@gmx.de,account.account_payment_term_net,,BRANDENBURGERSTR. 74,,14542,WERDER,DE,fr_FR,Régime National,,True
res.partner_ROULAR,ROULAR,EXPRESS ROULARTA,,,0033 175554405,,,account.account_payment_term_net,,"29, RUE DE CHATEAUDUN",,75308,PARIS CEDEX 09,FR,fr_FR,Régime Intra-Communautaire,,True
res.partner_RUSIAL,RUSIAL,ALARMRUSI,,0475 412801,04 2782594,,alarmrusi@skynet.be,account.account_payment_term_net,,"RUE DES TROIS FERMES, 90",,4040,HERSTAL,BE,fr_FR,Régime National,,True
res.partner_RYANAI,RYANAI,RYANAIR.COM,,,,,,account.account_payment_term_net,,EN ATTENTE,,,,BE,fr_FR,Régime National,,True
res.partner_SACOAI,SACOAI,SACO AIRFREIGHT NV,,,02 7518949,02 7517939,,account.account_payment_term_net,,BRUCARGO BUILDING 725,,1931,BRUCARGO / ZAVENTEM,BE,fr_FR,Régime National,,True
res.partner_SAGEBE,SAGEBE,SAGE LIEGE,,,04 3437746,,info@sage.be,account.account_payment_term_net,,"RUE NATALIS, 2",,4020,LIEGE,BE,fr_FR,Régime National,,True
res.partner_SALKO1,SALKO1,SALKO LEDERWAREN AG,,,,,,account.account_payment_term_net,,PO BOX 323,,8803,RUSCLIKON,CH,fr_FR,Régime National,,True
res.partner_SAMSON,SAMSON,SAMSON ENGINEERING SA,,,42 237 000,42 237 292,,account.account_payment_term_net,,10. PLACE EMILE DUPONT,,4000,LIEGE,BE,fr_FR,Régime National,,True
res.partner_SCHLE1,SCHLE1,SCHLEIPER S.A.,,,02 5382759,,,account.account_payment_term_net,,RUE DE L'ETANG 63-75,,1040,BRUXELLES,BE,fr_FR,Régime National,,True
res.partner_SCRIBD,SCRIBD,SCRIBD SAN FRANCISCO,,,,,support@scribd.com,account.account_payment_term_net,,539 BRYANT ST.,SUITE 200,94107,"SAN FRANCISCO, CA",US,en_US,Régime Extra-Communautaire,,True
res.partner_SDV001,SDV001,SDV,,,03 2345644,03 2345662,,account.account_payment_term_net,,RIJNKAAI 37,,2000,ANTWERPEN,BE,fr_FR,Régime National,,True
res.partner_SECUR1,SECUR1,SECURITAS ALERT SERVICES NV,,,02 2632400,02 2632410,,account.account_payment_term_net,,SINT-LENDRIKSBORRE 3,,1120,NEDER-OVER--HEEMBEEK,BE,nl_NL,Régime National,,True
res.partner_SEDIM,SEDIM,SEDIM,,,33 142442244,33 142442245,maroquinerie.francaise@wanadoo.fr,account.account_payment_term_net,,"21 , RUE DU MONT THABOR",,75001,PARIS,FR,fr_FR,Régime National,,True
res.partner_SHINCH,SHINCH,SHIN CHO TRADING CO LTD,,,,,,account.account_payment_term_net,,"SHIN CHO BLDG , 23-2 GURO- DONG",,,SEOUL,KR,nl_NL,Régime Extra-Communautaire,,True
res.partner_SINO,SINO,SION TREND CO.,,,+86 662 3415837,+86 662 3420869,sinotrend999@yahoo.com.cn,account.account_payment_term_net,,"N3, DONGNAN 2ND LANE, SHIWAN ROAD,",YANGIJANG,,GUANGDONG,CN,fr_FR,Régime National,,True
res.partner_SOBEL,SOBEL,SOBELPU,,,,,info@sobelpu.be,account.account_payment_term_net,,30B Rue des Pépinières,,4632,CEREXHE-HEUSEUX,BE,fr_FR,Régime National,,True
res.partner_SOBELT,SOBELT,SOBELTAX-LOCATION,,,071 320434,071 303830,info.charleroi@sobeltaxlocation.be,account.account_payment_term_net,,"CHAUSSEE DE BRUXELLES, 186",,6020,DAMPREMY,BE,fr_FR,Régime National,,True
res.partner_SOCRAN,SOCRAN,SOCRAN SA,,443678335,04.367.83.11,04.367.873.00,,account.account_payment_term_net,,LIEGE SCIENCE PARK,AVENUE PRE AILY,4031,ANGLEUR,BE,fr_FR,Régime National,,True
res.partner_SOGES,SOGES,SOGESMA,,,,,,account.account_payment_term_net,,204. ROUTE DE METTET,,5620,FLORENNES,BE,fr_FR,Régime National,,True
res.partner_SOGID,SOGID,SOGID SA,,,04.345.93.50,04.345.93.60,,account.account_payment_term_net,,AV. G. TRUFFAUT 42,,4020,LIEGE,BE,fr_FR,Régime National,,True
res.partner_SOGO,SOGO,SOFA INDUSTRIAL COMPANY  (HANG HE),,,23946726,,,account.account_payment_term_net,,2-16 KEILUNG STREET FLAT F.13/F WAH,,99999,KOWLOON,HK,en_US,Régime Extra-Communautaire,,True
res.partner_SOGROU,SOGROU,SO GROUP - FREEMAN COMPANY LTD,,,0033 1217823388,0033 1217823443,,account.account_payment_term_net,,"7, PILGRIM STREET",,EC4V 6LB,LONDON,GB,en_US,Régime Intra-Communautaire,,True
res.partner_SOLUTR,SOLUTR,SOLUTRANS S.A.,,,087 788838,087 788837,info@solutrans.be,account.account_payment_term_net,,"AVENUE ANDRE ERNST, 1/Z",,4800,PETIT-RECHAIN (Z.I.),BE,fr_FR,Régime National,,True
res.partner_SOSIMP,SOSIMP,SO SIMPLE LIMITED,,,0044 3178236,,,account.account_payment_term_net,,EARLS COURT EXHIBITION CENTRE,WARWICK ROAD,SW5 9TA,LONDON,GB,en_US,Régime Intra-Communautaire,,True
res.partner_SPI,SPI,SPI +,,,04 2301111,04 2301120,,account.account_payment_term_net,,RUE LONHIENNE . 14,,4000,LIEGE,BE,fr_FR,Régime National,,True
res.partner_STIBBE,STIBBE,STIBBE,,,02.533.52.11,02.533.52.12,info@stibbe.be,account.account_payment_term_net,,RUE HENRI WALEFAERTS . 47.51,,1060,BRUXELLES,BE,fr_FR,Régime National,,True
res.partner_STLFRA,STLFRA,STL FRANCE BELGIUM S.A.,,,02 3330036,02 3330046,,account.account_payment_term_net,,"CHAUSSEE DE RUISBROEK, 81",,1190,BRUXELLES,BE,fr_FR,Régime National,,True
res.partner_STRAPS,STRAPS,STRAPS SPRL,,,04.368.83.96,04.368.50 .30,,account.account_payment_term_net,,ZI D'IVOZ-RAMET,,4400,FLEMALLE,BE,fr_FR,Régime National,,True
res.partner_SUNNGA,SUNNGA,SUN GAI INDUSTRIES CO.,,,+852 24293512,+852 24805158,sunngai8@netvigator.com,account.account_payment_term_net,,"FLAT 6 12/F, PREMIER CENTRE,","20 CHEUNG SHUN STREET,",KOWLOON,,,en_US,Régime Extra-Communautaire,,True
res.partner_SUNTEL,SUNTEL,SUN TELECOM,,,015 418880,,,account.account_payment_term_net,,ZSF,,1000,BRUXELLES,BE,fr_FR,Régime National,,True
res.partner_SUNWI,SUNWI,ZHANJIANG SUNWIN ARTS&CRAFTS CO.LTD,,699 000 222,852 2543 9086,852 2543 9087,,account.account_payment_term_net,,N 8  BAIPENG ROAD,"67-71 CHATHAM ROAD, TST",524018,"ZHANJIANG, GUANGDONG",VE,en_US,Régime Extra-Communautaire,,True
res.partner_SWISSL,SWISSL,SWISS LIFE,,,02 2388811,02 2388899,info@swisslife.be,account.account_payment_term_net,,AVENUE FONSNY . 38,,1060,BRUXELLES,BE,fr_FR,Régime National,,True
res.partner_SYSTEM,SYSTEM,SYSTEMAT SA,,,02.352.83.11,02.352.63.00,,account.account_payment_term_net,,CHEE DE LOUVAIN . 435,,1380,LASNE,BE,fr_FR,Régime National,,True
res.partner_TAES01,TAES01,TAES,,,0033 130906262,,,account.account_payment_term_net,,CHEMIN DE DERRIERE LE PARC,,78580,MAULE,FR,fr_FR,Régime Intra-Communautaire,,True
res.partner_TECHN1,TECHN1,TECHNIFUTUR,,,04.382.45.00,04.382.45.46,info@technifutur.be,account.account_payment_term_net,,LIEGE SCIENCE PARK,RUE BOIS ST JEAN 15-17,4102,SERAING,BE,fr_FR,Régime National,,True
res.partner_TESA,TESA,TESA SA,,,25250811,25250833,,account.account_payment_term_net,,CHAUSSEE DE RUISBROEK 76,,1180,BRUXELLES,BE,fr_FR,Régime National,,True
res.partner_TF1PUB,TF1PUB,TF1 PUBLICITE,,0033 660338877,0032 141411333,0033 141414946,mmourahi@tf1.fr,account.account_payment_term_net,,1 QUAI DU POINT DU JOUR,,92655,BOULOGNE CEDEX,FR,fr_FR,Régime Intra-Communautaire,,True
res.partner_TIANHA,TIANHA,"TIANHAO PRODUCTION CO.,LTD",,,0573-83951598,0573-83950509,,account.account_payment_term_net,,DAQIAO TOWN,NAUHU AREA,3140006,JIAXUNG,CN,fr_FR,Régime Extra-Communautaire,,True
res.partner_TIMBEL,TIMBEL,TIM BELGIUM,,,056 482040,056 482041,info@timbelgium.be,account.account_payment_term_net,,"PORTE DES BÂTISSEURS, 20",,7730,ESTAIMPUIS,BE,fr_FR,Régime National,,True
res.partner_TNTEXP,TNTEXP,TNT EXPRESS BELGIUM SA,,,070 233255,02 7544979,credit.control.be@tnt.com,account.account_payment_term_net,,BUILDING 711,BILLING & COLLECTION,1931,BRUCARGO (MACHELEN),BE,fr_FR,Régime National,,True
res.partner_TOLEDO,TOLEDO,TOLEDO SA,,,02.648.08.48,02.646.44.24,,account.account_payment_term_net,,53.-55 RUE VILAIN XIII ,,1000,BRUXELLES,BE,fr_FR,Régime National,,True
res.partner_TOUCHE,TOUCHE,TOUCHE MODELS B.V.,,,0031 206250254,0031 206204805,info@touchemodels.com,account.account_payment_term_net,,HERENGRACHT 138,,1015BW,AMSTERDAM,NL,nl_NL,Régime Intra-Communautaire,,True
res.partner_TRANSF,TRANSF,"TRANSFEREX, S.A.",,,0034 915541202,0034 915537464,mail@transferex.com,account.account_payment_term_net,,"GENERAL MOSCARDO, 32",,28020,MADRID,ES,en_US,Régime Intra-Communautaire,,True
res.partner_TVAFLE,TVAFLE,TVA FLEMALLE,,,04.225.56.00,04.225.56.15,,account.account_payment_term_net,,,,4400,FLEMALLE,BE,fr_FR,Régime National,,True
res.partner_ULG,ULG,ULG - UNIVERSITE DE LIEGE,,,04.366.52.76,04.366.57.11,,account.account_payment_term_net,,PLACE DU XX AOUT . 7,,4000,LIEGE,BE,fr_FR,Régime National,,True
res.partner_UNIQUE,UNIQUE,UNIQUE INTERIM SA,,,04/221.79.59,,,account.account_payment_term_net,,"VIJFHOEKSTRAAT , 40",,1800,PEUTIE,BE,fr_FR,Régime National,,True
res.partner_VALIPA,VALIPA,VAL I  PAC,,,02.456.83.10,02.456.83.20,info@valipac.be,account.account_payment_term_net,,KONING ASTRIDLAAN . 59 BUS 11,,1780,WEMMEL,BE,fr_FR,Régime National,,True
res.partner_VALVIC,VALVIC,VALVIC,,,0471 906333,,info@valvicstores.eu,account.account_payment_term_net,,RUE DU VILLAGE 121,,4000,ROCOURT,BE,fr_FR,Régime National,,True
res.partner_VDK,VDK,VDK PRESS,,,056.72.35.15,056.72.35.37,,account.account_payment_term_net,,MARKPLEIN . 14,,8530,HARELBEKE,BE,fr_FR,Régime National,,True
res.partner_VIAVER,VIAVER,VIAVERBIA SARL,,,352.27.000.240.640,352.27.000.240.649,info@viaverbia.com,account.account_payment_term_net,,2 AM HOCK,,9991,WEISWAMPACH,LU,fr_FR,Régime National,,True
res.partner_VICE,VICE,VICE & VERSA SPRL,,,04.234.80.00,04.234.80.01,info@vice-versa.be,account.account_payment_term_net,,BOIS DE LA CROIX CLAIRE . 46,,4550,NANDRIN,BE,fr_FR,Régime National,,True
res.partner_VOISIN,VOISIN,MAITRE CHRISTIAN VOISIN,,,04 3 426 325,04 3 434 439,,account.account_payment_term_net,,53/052. QUAI DE LA DERIVATION,,4020,LIEGE,BE,fr_FR,Régime National,,True
res.partner_VPLAMB,VPLAMB,VP LAMBRECHT VDK,,,04 2313880,04 2313860,,account.account_payment_term_net,,"ROUTE DE BEAUMONT, 244",,6030,MARCHIENNE-AU-PONT,BE,fr_FR,Régime National,,True
res.partner_WEBLEC,WEBLEC,WEBLEC INDIA,,919903975659,+91 9903975659,,,account.account_payment_term_net,,21/H ATAL SUR ROAD,,700015,"KOLKATA, WEST BENGAL",IN,en_US,Régime Extra-Communautaire,,True
res.partner_WMSSAG,WMSSAG,AKANEA,,,33 146926077,33 478351212,,account.account_payment_term_net,,"129, CHEMIN DU MOULIN CARRON",,69134,ECULLY CEDEX,FR,fr_FR,Régime Intra-Communautaire,,True
res.partner_WORLDT,WORLDT,WORLD TOURIST LIMITED,,,0086 57385288561,0086 57385288560,info@akanea.com,account.account_payment_term_net,,"ROOM 506, WANRONG BUILDING,","N° 192-206, DANGHU ROAD",314200,"PINGHU, ZHEJIANG",CN,en_US,Régime Extra-Communautaire,,True
res.partner_WSNDEV,WSNDEV,WSN DEVELOPPEMENT,,+33 6 99406707,0033 140137474,0033 140137484,,account.account_payment_term_net,,"27-29, RUE GUENEGAUD",,75006,PARIS,FR,fr_FR,Régime Intra-Communautaire,,True
res.partner_XIETON,XIETON,"XIETONG LUGGAGE CO., LTD",,,0086 75787511188,0086 75787516936,,account.account_payment_term_net,,N°48 MINYING INDUSTRIAL PARK,"JINBEN, SANSHUI, FOSHAN CITY",528132,GUANGDONG,CN,en_US,Régime Extra-Communautaire,,True
res.partner_XLSTUD,XLSTUD,XL STUDIO SPRL,,,04 3552780,04 3552782,xlstudio@xlstudio.be,account.account_payment_term_net,,"RUE DE BENISTER, 8",,4920,HARZE,BE,fr_FR,Régime National,,True
res.partner_XMEDIA,XMEDIA,X-MEDIA AGENCJA,,,0022 7318877,,info@x-media.pl,account.account_payment_term_net,,UL. SZKOLNA 7,,05-870,BLONIE,PL,en_US,Régime Intra-Communautaire,,True
res.partner_XYLEM1,XYLEM1,XYLEM WATER SOLUTIONS BVBA,,,02 7209010,02 7205481,xylemwatersolutionsbe@xyleminc.com,account.account_payment_term_net,,VIERWINDEN 5B,,1930,ZAVENTEM,BE,nl_NL,Régime National,,True
res.partner_YALUN,YALUN,YALUN LTD,,+86 13901636136,+86 21 5988 6929,+86 21 5988 6929,,account.account_payment_term_net,,258 XIE WEI ROAD,"BLDG 15, FLAT1304, QING PU XU JING",201702,SHANGHAI,CN,nl_NL,Régime Extra-Communautaire,,True
res.partner_YONGSH,YONGSH,JIAXING YONGSHIDA HARDWARE CO. LTD,,,0573 82191169,0573 82191392,,account.account_payment_term_net,,ECONOMIC DEVELOPMENT ZONE,YUXIN TOWN,314000,JIAXING CITY,CN,fr_FR,Régime Extra-Communautaire,,True
res.partner_YONGXI,YONGXI,YONGXIANG PLASTIC CO LTD,,,"86,724,4224590","86,724,4224438",,account.account_payment_term_net,,20 CHENG TIAN ROAD,,431900,HUBEI,CN,en_US,Régime Extra-Communautaire,,True
res.partner_YOODA1,YOODA1,YOODA - ALDEIS SARL,,,0033 467155409,,,account.account_payment_term_net,,PIT DE LA POMPIGNANE - BAT T4,"89, RUE DE LA VIEILLE POSTE",34055,MONTPELLIER CEDEX 1,FR,fr_FR,Régime National,,True
res.partner_ZEBRE1,ZEBRE1,JIAXING CHANGHUAN TRAVEL GOODS LTD,,0086 57384875256,,,,account.account_payment_term_net,,"N°.31 HUICHENG ROAD, HUIMING DIST.,",JIASHAN TOWN,,JIAXING,CN,en_US,Régime Extra-Communautaire,,True
